"Ticker","Company","Country","Exchange","Industry","Gross Profit Margin","Diluted EPS 1Y Growth","Gross Profit 3Y CAGR","Gross Profit 1Y Growth","Free Cash Flow (M)","Total Enterprise Value (TEV) (M)","Stock-Based Compensation (Cash Flow Statement) (M)","Free Cash Flow Margin","Shares Out Growth 3Y (CAGR)","EPS Normalized Actual vs Estimate (Quarterly)","Revenue Actual vs Estimate (Quarterly)","FCF Yield","Forward FCF Yield","Stock Price","TR 1M Performance","YTD Performance","Revenue Forward 2Y CAGR","CapEx to Revenue","PEG Ratio","Market Cap (M)","Buyback Yield","Revenue 3Y CAGR","Operating Margin","Net Debt / EBITDA","Beta","TR 3Y Performance (CAGR)","Diluted EPS 3Y CAGR","EPS Normalized Forward 2Y CAGR","Return on Invested Capital","TR 5Y Performance (CAGR)"
"BLK","BlackRock, Inc.","US","NYSE","Capital Markets","47.2%","1.2%","15.4%","21.7%","$3,672.00","$180,102.39","$1,307.00","14.3%","1.2%","9.0%","3.0%","2.2%","5.3%","$1,055.67","11.1%","-2.7%","16.1%","0.0","1.5","$171,654.39","1.1%","16.3%","35.3%","0.2","1.5","15.8%","6.9%","12.3%","5.0%","6.7%"
"TKO","TKO Group Holdings, Inc.","US","NYSE","Entertainment","59.1%","129.3%","52.6%","27.7%","$1,697.80","$43,661.54","$126.90","33.5%","","-80.8%","0.3%","4.9%","3.7%","$180.62","-14.6%","-12.7%","10.9%","0.0","0.7","$34,334.99","5.0%","62.2%","18.9%","2.9","0.3","22.2%","199.9%","54.3%","5.9%","31.6%"
"CNM","Core & Main, Inc.","US","NYSE","Trading Companies and Distributors","27.1%","9.2%","4.5%","2.3%","$608.00","$10,811.34","$15.00","8.0%","4.1%","11.7%","0.8%","7.2%","6.4%","$43.62","-9.1%","-18.3%","3.5%","0.0","0.8","$8,441.34","2.4%","4.9%","9.5%","2.5","1.0","11.3%","3.5%","13.5%","10.5%","13.4%"
"HESM","Hess Midstream LP","US","NYSE","Oil, Gas and Consumable Fuels","77.3%","13.1%","8.3%","7.9%","$795.80","$12,003.29","$1.50","48.8%","31.2%","0.6%","0.2%","9.5%","10.7%","$40.64","7.9%","17.3%","1.9%","0.1","-6.5","$8,379.09","4.3%","8.7%","61.9%","3.1","0.6","18.3%","13.2%","3.6%","20.5%","20.7%"
"YOU","Clear Secure, Inc.","US","NYSE","Software","65.5%","-21.9%","27.9%","22.1%","$437.33","$6,321.94","$42.45","46.4%","3.4%","6.7%","3.5%","6.3%","5.7%","$52.24","-6.8%","51.9%","17.2%","0.0","1.5","$6,982.47","0.7%","25.3%","22.4%","-2.9","1.2","35.3%","20.6%","28.3%","13.3%","5.9%"
"GSHD","Goosehead Insurance, Inc.","US","NasdaqGS","Insurance","49.6%","20.0%","27.4%","29.5%","$75.04","$2,359.61","$22.10","18.7%","-0.1%","82.1%","9.9%","3.6%","3.8%","$58.75","25.3%","-16.3%","16.1%","0.0","2.6","$2,086.56","6.4%","18.6%","23.2%","3.3","1.5","-3.7%","72.7%","21.1%","23.1%","-13.2%"
"NVDA","NVIDIA Corporation","US","NasdaqGS","Semiconductors and Semiconductor Equipment","74.1%","110.6%","134.5%","80.5%","$119,076.00","$4,969,415.44","$6,840.00","47.0%","-0.7%","5.3%","3.2%","2.4%","3.5%","$206.84","6.1%","9.5%","61.1%","0.0","0.4","$5,009,773.44","1.1%","114.0%","64.0%","-0.2","2.3","65.4%","225.4%","53.5%","107.0%","61.0%"
"AAPL","Apple Inc.","US","NasdaqGS","Technology Hardware, Storage and Peripherals","47.9%","28.9%","9.1%","15.7%","$129,174.00","$4,829,299.30","$13,473.00","28.6%","-2.4%","6.2%","1.5%","2.6%","3.5%","$333.02","18.2%","22.9%","12.1%","0.0","2.3","$4,891,183.30","1.7%","5.4%","32.6%","-0.4","1.1","20.5%","11.9%","12.2%","40.3%","18.4%"
"MSFT","Microsoft Corporation","US","NasdaqGS","Software","68.3%","29.8%","15.2%","16.6%","$72,916.00","$2,882,637.53","$12,356.00","22.9%","-0.0%","5.2%","1.8%","2.6%","2.0%","$381.70","3.6%","-19.3%","16.9%","0.3","1.0","$2,835,433.53","0.7%","15.3%","46.8%","0.3","1.1","5.7%","22.1%","18.5%","22.1%","6.8%"
"AVGO","Broadcom Inc.","US","NasdaqGS","Semiconductors and Semiconductor Equipment","76.3%","124.6%","30.1%","31.0%","$32,762.00","$1,862,294.03","$8,785.00","43.4%","4.9%","1.3%","0.5%","1.8%","3.9%","$381.92","2.5%","9.9%","64.6%","0.0","0.9","$1,817,015.03","0.5%","29.1%","44.2%","1.1","1.2","64.4%","23.4%","63.0%","20.3%","54.7%"
"LLY","Eli Lilly and Company","US","NYSE","Pharmaceuticals","82.8%","129.1%","40.7%","49.5%","$11,823.00","$1,104,189.47","$633.00","16.4%","-2.1%","9.1%","11.2%","1.1%","2.9%","$1,196.03","-2.8%","10.7%","23.3%","0.1","1.0","$1,066,549.47","0.5%","37.7%","47.3%","1.0","0.4","39.1%","64.8%","31.9%","35.3%","38.8%"
"MU","Micron Technology, Inc.","US","NasdaqGS","Semiconductors and Semiconductor Equipment","72.6%","705.7%","241.8%","421.8%","$26,172.00","$1,016,362.62","$1,204.00","29.0%","1.0%","33.2%","15.7%","2.5%","6.8%","$920.95","-19.6%","192.0%","152.8%","0.3","0.0","$1,040,114.62","0.1%","70.6%","65.7%","-0.3","1.5","136.1%","155.3%","249.9%","60.9%","65.6%"
"AMD","Advanced Micro Devices, Inc.","US","NasdaqGS","Semiconductors and Semiconductor Equipment","53.1%","122.4%","19.3%","33.7%","$8,574.00","$842,616.00","$1,761.00","22.9%","0.4%","16.0%","3.4%","1.0%","2.9%","$521.95","-3.3%","133.6%","51.4%","0.0","2.2","$851,092.00","0.1%","17.5%","11.8%","-1.1","1.9","67.6%","134.1%","63.0%","7.5%","41.9%"
"V","Visa Inc.","US","NYSE","Financial Services","97.8%","15.2%","11.6%","14.4%","$21,185.00","$680,770.55","$920.00","49.2%","-2.4%","6.8%","4.5%","3.2%","4.2%","$355.74","4.1%","2.7%","12.2%","0.0","2.1","$670,179.55","3.2%","11.6%","67.1%","0.3","0.8","15.8%","15.3%","13.5%","28.4%","8.0%"
"MA","Mastercard Incorporated","US","NYSE","Financial Services","100.0%","21.2%","14.1%","16.8%","$17,783.00","$487,420.86","$604.00","52.4%","-2.1%","12.3%","1.7%","3.7%","3.6%","$539.66","6.1%","-4.2%","12.8%","0.0","2.0","$476,834.86","2.8%","14.1%","59.5%","0.5","0.9","11.7%","20.0%","15.5%","41.9%","7.3%"
"AMAT","Applied Materials, Inc.","US","NasdaqGS","Semiconductors and Semiconductor Equipment","49.0%","29.4%","4.8%","5.1%","$5,343.00","$424,787.74","$690.00","18.4%","-1.9%","7.9%","2.8%","1.3%","2.5%","$536.25","-22.8%","99.4%","23.0%","0.1","1.7","$425,760.74","0.6%","2.9%","30.3%","-0.1","1.7","55.6%","12.0%","22.2%","27.1%","32.9%"
"CAT","Caterpillar Inc.","US","NYSE","Machinery","28.6%","-2.1%","5.6%","0.5%","$7,901.00","$449,090.91","","11.2%","-3.7%","9.5%","5.9%","1.9%","2.3%","$888.73","-13.8%","48.5%","11.9%","0.1","1.5","$409,341.91","1.6%","4.7%","17.4%","2.7","1.6","53.2%","14.1%","21.2%","13.0%","35.8%"
"LRCX","Lam Research Corporation","US","NasdaqGS","Semiconductors and Semiconductor Equipment","50.0%","47.5%","8.5%","31.6%","$6,004.82","$380,670.32","$376.68","27.7%","-2.1%","7.9%","1.5%","1.6%","2.1%","$305.21","-25.7%","64.9%","29.7%","0.0","1.5","$381,686.77","1.2%","4.8%","34.3%","-0.1","1.8","64.8%","13.8%","38.0%","48.4%","38.9%"
"KO","The Coca-Cola Company","US","NYSE","Beverages","61.7%","27.7%","6.4%","6.3%","$12,562.00","$386,807.18","$272.00","25.5%","-0.2%","5.9%","2.0%","3.5%","3.5%","$82.25","-0.5%","19.0%","1.8%","0.0","2.9","$353,879.18","0.2%","4.3%","31.8%","1.8","0.4","12.9%","11.9%","7.6%","15.2%","10.8%"
"NFLX","Netflix, Inc.","US","NasdaqGS","Entertainment","49.1%","35.5%","24.0%","17.5%","$11,152.01","$299,377.28","$487.33","23.1%","-2.2%","-6.9%","-0.2%","3.8%","2.9%","$70.09","-5.0%","-23.0%","12.3%","0.0","0.5","$291,850.53","3.3%","14.6%","29.7%","0.5","1.7","19.3%","50.0%","23.2%","23.4%","6.2%"
"DELL","Dell Technologies Inc.","US","NYSE","Technology Hardware, Storage and Peripherals","19.2%","95.8%","5.3%","19.8%","$9,442.00","$302,953.31","$722.00","7.0%","-3.9%","10.7%","22.6%","3.3%","4.8%","$437.50","9.7%","242.3%","30.3%","0.0","0.4","$282,687.31","2.2%","11.3%","8.4%","1.4","1.1","104.7%","68.1%","19.6%","14.6%","58.3%"
"GEV","GE Vernova Inc.","US","NYSE","Electrical Equipment","20.6%","742.9%","27.9%","25.8%","$12,438.00","$262,420.00","","30.1%","","20.4%","3.1%","4.6%","1.9%","$1,014.75","-2.9%","49.3%","17.4%","0.0","-2.8","$270,262.00","2.0%","8.7%","6.6%","-2.3","","","20.9%","21.3%","5.3%",""
"ANET","Arista Networks, Inc.","US","NYSE","Communications Equipment","63.5%","22.8%","28.2%","29.4%","$5,278.10","$206,735.46","$467.10","54.4%","0.7%","8.2%","3.4%","2.4%","2.2%","$173.99","6.0%","30.2%","26.4%","0.0","2.7","$219,088.66","0.4%","26.0%","42.8%","-2.9","1.4","63.0%","34.3%","20.2%","47.3%","49.4%"
"IBM","International Business Machines Corporation","US","NYSE","IT Services","58.1%","81.4%","6.7%","8.9%","$13,790.00","$259,024.76","$1,877.00","20.0%","1.1%","5.5%","-0.6%","6.8%","6.6%","$214.19","-23.0%","-26.5%","4.3%","0.0","3.0","$201,795.76","0.2%","4.5%","18.5%","3.5","0.7","18.2%","72.2%","7.7%","9.0%","13.8%"
"TMUS","T-Mobile US, Inc.","US","NasdaqGS","Wireless Telecommunication Services","63.1%","-9.9%","6.3%","8.6%","$18,399.00","$310,779.43","$866.00","20.0%","-3.0%","31.1%","-0.7%","9.5%","9.1%","$180.09","3.5%","-9.8%","5.7%","0.1","1.6","$193,177.43","6.4%","5.5%","22.1%","3.4","0.4","10.4%","24.1%","13.7%","7.6%","5.4%"
"TJX","The TJX Companies, Inc.","US","NYSE","Specialty Retail","31.4%","20.9%","11.3%","11.1%","$5,477.00","$178,967.52","$223.00","8.9%","-1.3%","3.1%","2.3%","3.2%","3.0%","$154.22","2.0%","-0.0%","6.0%","0.0","2.9","$170,367.52","1.3%","7.0%","12.3%","1.0","0.8","22.9%","16.6%","9.5%","24.9%","19.4%"
"MRVL","Marvell Technology, Inc.","US","NasdaqGS","Semiconductors and Semiconductor Equipment","51.5%","-609.8%","16.7%","41.9%","$1,665.40","$171,533.71","$656.30","19.1%","0.6%","1.1%","0.4%","1.0%","1.9%","$194.23","-30.1%","117.3%","42.9%","0.0","1.6","$170,100.11","1.3%","14.6%","16.4%","0.5","1.9","45.4%","145.7%","38.2%","6.2%","27.9%"
"T","AT&T Inc.","US","NYSE","Diversified Telecommunication Services","59.7%","72.1%","2.0%","2.7%","$17,654.00","$331,529.07","","13.9%","-1.4%","3.4%","-0.8%","10.7%","10.0%","$24.13","12.1%","-1.8%","2.5%","0.2","0.8","$165,348.07","4.8%","1.6%","21.8%","3.3","0.6","24.9%","36.5%","9.8%","6.3%","8.6%"
"DIS","The Walt Disney Company","US","NYSE","Entertainment","37.2%","27.7%","7.9%","3.6%","$7,110.00","$212,988.11","$1,453.00","7.3%","-1.7%","3.4%","1.3%","4.3%","7.9%","$94.85","-3.1%","-15.2%","6.0%","0.1","1.0","$164,708.11","4.4%","3.8%","14.7%","2.1","1.5","4.7%","40.6%","11.2%","7.5%","-11.4%"
"GILD","Gilead Sciences, Inc.","US","NasdaqGS","Biotechnology","79.4%","55.4%","3.3%","4.9%","$10,230.00","$171,837.40","$903.00","34.4%","-0.2%","2.8%","0.3%","6.4%","7.5%","$129.31","2.4%","6.3%","4.7%","0.0","2.9","$160,547.40","0.8%","3.2%","40.3%","0.8","0.3","23.1%","18.5%","8.6%","23.1%","17.6%"
"BKNG","Booking Holdings Inc.","US","NasdaqGS","Hotels, Restaurants and Leisure","87.0%","17.9%","15.6%","15.4%","$9,033.00","$140,340.93","$615.00","32.6%","-5.7%","5.7%","0.3%","6.6%","7.2%","$177.46","-2.7%","-16.7%","9.1%","0.0","1.6","$137,509.93","5.8%","15.1%","35.3%","0.3","1.3","14.5%","23.0%","16.1%","44.2%","14.6%"
"UBER","Uber Technologies, Inc.","US","NYSE","Ground Transportation","39.6%","-28.6%","26.6%","24.1%","$9,799.00","$137,743.40","$1,864.00","18.3%","0.2%","-9.6%","-0.5%","7.3%","6.8%","$65.94","-13.5%","-20.4%","13.6%","0.0","-0.5","$134,227.40","5.6%","16.6%","11.7%","0.3","1.2","12.3%","33.2%","32.4%","23.3%","7.6%"
"CRM","Salesforce, Inc.","US","NYSE","Software","77.6%","34.8%","11.9%","11.4%","$14,661.00","$164,748.54","$3,552.00","34.2%","-5.6%","24.9%","0.7%","10.9%","10.7%","$163.66","3.6%","-35.5%","10.3%","0.0","1.5","$134,037.54","27.5%","10.0%","21.9%","2.4","1.3","-10.1%","183.2%","9.2%","7.4%","-7.6%"
"APP","AppLovin Corporation","US","NasdaqGS","Software","88.4%","110.4%","48.3%","72.5%","$4,439.28","$132,772.74","$232.51","72.0%","-1.2%","11.9%","3.8%","3.4%","3.2%","$391.98","-17.8%","-36.6%","39.2%","0.0","0.5","$131,681.57","1.8%","28.5%","77.0%","0.2","2.5","136.0%","275.1%","38.2%","108.4%","44.4%"
"GLW","Corning Incorporated","US","NYSE","Electronic Equipment, Instruments and Components","36.4%","299.1%","9.2%","27.5%","$1,500.00","$134,918.54","$347.00","9.2%","0.3%","1.2%","0.9%","1.2%","1.4%","$146.65","-42.6%","61.7%","17.7%","0.1","2.6","$126,212.54","0.1%","6.0%","15.5%","2.1","1.1","67.1%","25.2%","26.4%","8.8%","32.8%"
"PH","Parker-Hannifin Corporation","US","NYSE","Machinery","37.4%","4.3%","9.2%","8.3%","$3,678.00","$133,629.35","$174.00","17.5%","-0.6%","6.8%","1.6%","3.0%","3.2%","$987.54","2.5%","10.5%","6.8%","0.0","2.5","$124,515.35","1.5%","4.9%","21.7%","1.7","1.2","37.0%","32.8%","11.6%","13.9%","27.8%"
"ISRG","Intuitive Surgical, Inc.","US","NasdaqGS","Health Care Equipment and Supplies","66.7%","21.6%","18.3%","20.8%","$3,222.60","$114,144.44","$826.20","29.2%","0.2%","18.7%","2.4%","2.7%","2.4%","$337.50","-16.9%","-39.9%","14.7%","0.0","1.9","$119,231.34","3.0%","18.3%","31.3%","-1.2","1.7","1.4%","29.8%","14.9%","20.2%","0.8%"
"HWM","Howmet Aerospace Inc.","US","NYSE","Aerospace and Defense","35.0%","40.8%","22.1%","25.3%","$1,656.00","$118,148.09","$80.00","19.2%","-1.1%","8.7%","3.2%","1.4%","1.6%","$289.26","7.7%","36.6%","15.6%","0.0","2.0","$115,735.09","0.9%","13.2%","26.4%","0.9","1.3","80.0%","55.3%","22.1%","20.7%","55.1%"
"MDT","Medtronic plc","IE","NYSE","Health Care Equipment and Supplies","65.3%","3.3%","4.8%","8.3%","$5,426.00","$126,920.56","$457.00","14.9%","-1.3%","1.9%","2.0%","5.1%","5.2%","$83.21","2.8%","-13.4%","5.2%","0.1","3.0","$106,512.56","0.3%","5.2%","20.0%","2.0","0.7","1.2%","9.8%","5.1%","7.6%","-5.7%"
"TT","Trane Technologies plc","IE","NYSE","Building Products","35.9%","7.5%","14.9%","6.3%","$3,137.40","$109,888.87","$91.20","14.5%","-1.0%","1.6%","3.2%","3.0%","3.1%","$480.99","0.1%","20.9%","9.2%","0.0","2.6","$106,325.47","1.2%","9.8%","18.0%","0.8","1.2","36.1%","18.7%","13.6%","18.8%","20.6%"
"ADP","Automatic Data Processing, Inc.","US","NasdaqGS","Professional Services","48.5%","9.6%","8.3%","7.3%","$5,294.50","$101,139.15","$246.50","24.5%","-1.0%","2.3%","1.6%","5.3%","7.9%","$250.09","11.2%","-1.1%","6.0%","0.0","2.2","$99,969.55","1.8%","6.9%","26.6%","0.2","0.9","2.3%","11.1%","9.6%","8.0%","6.1%"
"SPOT","Spotify Technology S.A.","SE","NYSE","Entertainment","32.3%","130.6%","23.3%","12.0%","$3,663.89","$92,537.56","$301.66","18.1%","1.8%","18.0%","0.3%","3.7%","4.1%","$482.66","4.9%","-16.1%","13.8%","0.0","1.5","$99,244.58","0.9%","13.1%","13.7%","-2.4","1.7","49.6%","43.7%","23.4%","43.8%","15.3%"
"MAR","Marriott International, Inc.","US","NasdaqGS","Hotels, Restaurants and Leisure","79.0%","8.6%","7.2%","7.0%","$2,474.00","$115,684.93","$241.00","34.4%","-4.6%","-1.5%","1.1%","2.5%","3.2%","$374.43","-0.1%","19.5%","6.2%","0.1","2.4","$98,732.93","3.3%","7.6%","59.3%","3.6","1.2","25.4%","3.8%","14.1%","11.3%","22.2%"
"NEM","Newmont Corporation","US","NYSE","Metals and Mining","68.0%","42.3%","65.0%","52.9%","$9,733.00","$94,539.58","$99.00","37.8%","9.9%","33.5%","-3.0%","9.9%","8.6%","$93.19","-1.4%","-7.9%","13.2%","0.1","0.4","$98,193.58","4.5%","32.0%","55.2%","-0.2","0.4","33.3%","102.2%","28.2%","18.8%","11.9%"
"CEG","Constellation Energy Corporation","US","NasdaqGS","Electric Utilities","23.3%","23.4%","56.3%","23.9%","$1,123.00","$119,909.94","","3.8%","3.3%","2.4%","27.9%","1.1%","3.8%","$274.35","5.8%","-25.1%","18.1%","0.1","0.9","$97,970.94","0.4%","4.2%","16.8%","2.7","1.1","43.3%","182.2%","20.8%","5.0%",""
"PWR","Quanta Services, Inc.","US","NYSE","Construction and Engineering","15.1%","17.7%","21.2%","22.2%","$1,578.66","$99,966.90","$206.43","5.2%","1.1%","4.7%","12.7%","1.7%","1.9%","$625.84","-12.4%","42.3%","18.1%","0.0","2.8","$93,913.64","0.2%","19.8%","5.6%","2.2","1.1","46.1%","29.1%","19.6%","7.3%","48.3%"
"CMI","Cummins Inc.","US","NYSE","Machinery","25.8%","-4.2%","6.9%","1.1%","$2,671.00","$97,793.43","","7.9%","-0.8%","14.3%","0.4%","2.9%","3.3%","$664.65","-3.8%","27.3%","9.2%","0.0","1.5","$91,714.43","0.3%","4.0%","11.5%","1.0","1.1","40.0%","2.7%","15.2%","11.8%","26.2%"
"FCX","Freeport-McMoRan Inc.","US","NYSE","Metals and Mining","38.3%","53.6%","6.2%","-1.5%","$1,762.00","$108,383.25","$150.00","6.8%","0.1%","21.9%","4.2%","2.0%","3.9%","$62.60","1.8%","20.5%","16.7%","0.2","0.4","$89,991.25","0.2%","5.7%","27.3%","0.7","1.5","14.6%","11.6%","44.7%","9.9%","13.0%"
"ACN","Accenture plc","IE","NYSE","IT Services","32.0%","-0.5%","4.5%","6.6%","$12,581.69","$89,783.72","$2,084.07","17.2%","-1.0%","3.3%","-0.2%","14.0%","8.8%","$146.99","19.3%","-43.5%","4.9%","0.0","1.6","$89,949.37","4.8%","4.8%","15.8%","-0.1","1.3","-21.0%","3.7%","7.4%","18.8%","-12.8%"
"ADBE","Adobe Inc.","US","NasdaqGS","Software","89.4%","11.9%","11.7%","11.7%","$10,280.00","$90,932.23","$2,029.00","40.8%","-4.5%","3.2%","2.6%","11.5%","9.7%","$225.11","9.0%","-32.5%","10.3%","0.0","0.8","$89,481.23","10.3%","11.0%","36.7%","0.1","1.5","-24.1%","18.6%","12.3%","25.7%","-18.3%"
"HCA","HCA Healthcare, Inc.","US","NYSE","Health Care Providers and Services","42.6%","25.9%","11.5%","11.7%","$5,997.00","$138,756.95","$375.00","7.7%","-6.9%","0.3%","2.5%","7.1%","7.1%","$382.19","-2.6%","-18.8%","4.0%","0.1","2.1","$84,784.95","10.3%","8.0%","15.5%","3.2","1.4","12.3%","13.7%","8.4%","18.9%","10.0%"
"MCO","Moody's Corporation","US","NYSE","Capital Markets","75.0%","34.0%","16.5%","15.0%","$2,967.00","$87,919.83","$232.00","36.4%","-1.9%","2.6%","4.9%","3.6%","3.6%","$471.50","4.1%","-5.5%","7.3%","0.0","2.3","$81,654.83","3.9%","13.9%","46.2%","1.5","1.5","11.2%","26.6%","11.5%","22.3%","5.2%"
"INTU","Intuit Inc.","US","NasdaqGS","Software","80.8%","33.6%","14.7%","15.8%","$7,755.00","$81,177.22","$2,039.00","37.1%","-0.8%","12.7%","0.3%","9.6%","6.4%","$296.33","11.7%","-52.9%","12.5%","0.0","1.0","$81,057.22","5.9%","14.1%","27.5%","0.0","1.3","-15.2%","27.4%","14.6%","14.6%","-10.1%"
"RCL","Royal Caribbean Cruises Ltd.","US","NYSE","Hotels, Restaurants and Leisure","50.9%","33.6%","36.8%","14.4%","$1,371.00","$100,223.95","$160.00","7.5%","1.5%","0.1%","-0.5%","1.7%","3.2%","$293.54","-8.7%","3.6%","8.3%","0.3","1.6","$78,725.95","2.4%","19.9%","27.9%","3.1","1.9","40.2%","59.3%","12.8%","11.0%","30.3%"
"AON","Aon plc","IE","NYSE","Insurance","47.3%","55.0%","11.4%","8.3%","$3,497.00","$91,627.78","$367.00","20.0%","1.5%","2.2%","1.2%","4.5%","5.8%","$361.70","10.4%","5.1%","5.5%","0.0","1.7","$77,250.78","1.7%","11.3%","28.2%","2.4","0.8","3.3%","13.7%","11.9%","8.2%","7.7%"
"NOC","Northrop Grumman Corporation","US","NYSE","Aerospace and Defense","20.1%","16.0%","3.9%","9.9%","$3,646.00","$91,349.26","$128.00","8.5%","-2.1%","1.3%","0.7%","4.7%","3.5%","$542.24","9.3%","-7.4%","5.8%","0.0","1.7","$77,032.26","1.1%","4.2%","13.4%","2.0","0.0","8.6%","1.4%","7.1%","11.2%","10.2%"
"ROST","Ross Stores, Inc.","US","NasdaqGS","Specialty Retail","32.7%","13.1%","10.7%","17.2%","$2,632.33","$77,223.56","$195.18","11.1%","-2.0%","5.1%","6.4%","3.4%","3.1%","$238.89","14.4%","30.7%","8.4%","0.0","1.9","$76,631.39","1.6%","8.0%","12.2%","0.2","1.0","29.5%","16.7%","10.9%","24.6%","15.7%"
"AEM","Agnico Eagle Mines Limited","CA","NYSE","Metals and Mining","73.9%","125.7%","43.3%","70.9%","$4,536.91","$71,136.97","$105.08","33.5%","1.0%","1.9%","2.1%","6.1%","6.7%","$145.13","-5.6%","-14.9%","16.9%","0.2","0.3","$73,940.41","0.9%","31.7%","60.2%","-0.3","0.6","44.9%","27.3%","29.6%","18.1%","21.8%"
"ORLY","O'Reilly Automotive, Inc.","US","NasdaqGS","Specialty Retail","51.6%","13.0%","7.5%","8.8%","$1,913.48","$80,843.55","$35.49","10.5%","-2.9%","3.6%","2.3%","2.6%","2.6%","$87.40","-3.1%","-3.3%","6.7%","0.1","2.9","$72,429.70","3.3%","7.1%","19.6%","2.1","0.6","12.6%","10.0%","9.7%","25.3%","16.3%"
"URI","United Rentals, Inc.","US","NYSE","Trading Companies and Distributors","38.5%","7.7%","5.0%","4.1%","$2,031.00","$86,328.40","$143.00","12.1%","-3.0%","8.6%","4.7%","2.9%","4.5%","$1,141.59","1.7%","35.1%","9.3%","0.2","1.7","$71,055.40","2.9%","8.5%","25.2%","3.3","1.7","38.7%","8.2%","13.1%","11.3%","28.5%"
"CRH","CRH plc","IE","NYSE","Construction Materials","36.1%","14.1%","11.0%","7.9%","$2,999.00","$85,396.16","$140.00","7.9%","-2.5%","-1.8%","4.1%","4.5%","4.2%","$99.87","-8.3%","-21.0%","6.0%","0.1","1.1","$66,733.16","1.8%","6.3%","14.0%","2.3","1.2","21.3%","13.3%","8.3%","9.0%","17.5%"
"GWW","W.W. Grainger, Inc.","US","NYSE","Trading Companies and Distributors","39.2%","-4.6%","5.7%","5.8%","$1,379.00","$67,775.86","$66.00","7.5%","-1.9%","-0.2%","3.6%","2.1%","2.9%","$1,382.60","2.2%","37.7%","7.7%","0.0","2.4","$65,276.86","1.6%","5.5%","15.4%","0.7","1.1","25.1%","4.5%","10.9%","32.2%","26.1%"
"HPE","Hewlett Packard Enterprise Company","US","NYSE","Technology Hardware, Storage and Peripherals","33.8%","2.8%","9.2%","36.4%","$3,989.00","$79,224.27","$807.00","10.3%","0.8%","10.8%","9.4%","6.3%","3.9%","$47.69","7.4%","97.3%","20.8%","0.1","0.6","$63,151.27","0.7%","9.4%","6.0%","2.8","1.3","43.8%","10.8%","18.4%","5.8%","30.8%"
"SE","Sea Limited","SG","NYSE","Broadline Retail","44.3%","78.6%","27.1%","41.4%","$4,672.69","$54,420.43","$625.00","18.5%","2.6%","-5.5%","10.9%","7.6%","8.7%","$100.00","7.6%","-23.9%","25.9%","0.0","1.8","$61,248.45","0.2%","26.0%","8.4%","-2.8","1.6","18.4%","13.1%","25.6%","8.7%","-18.1%"
"FIX","Comfort Systems USA, Inc.","US","NYSE","Construction and Engineering","25.7%","109.0%","50.8%","66.7%","$2,159.81","$59,375.85","$38.23","19.2%","-0.5%","54.4%","9.2%","3.5%","2.0%","$1,733.60","-11.0%","72.7%","28.5%","0.0","0.6","$60,912.34","0.2%","33.6%","16.5%","-0.8","1.6","119.9%","81.7%","34.7%","28.5%","88.7%"
"LITE","Lumentum Holdings Inc.","US","NasdaqGS","Communications Equipment","40.8%","-182.0%","10.7%","132.9%","$114.00","$59,502.02","$169.40","4.6%","4.2%","18.6%","-0.2%","0.2%","1.9%","$762.99","-10.4%","97.6%","84.6%","0.1","0.5","$59,360.62","0.3%","11.0%","10.2%","0.3","1.5","144.0%","112.8%","181.8%","9.3%","56.6%"
"TEL","TE Connectivity plc","IE","NYSE","Electronic Equipment, Instruments and Components","36.1%","111.5%","10.9%","20.3%","$3,315.00","$63,479.81","$174.00","17.2%","-2.7%","1.1%","3.0%","5.6%","5.1%","$202.94","2.3%","-13.0%","12.0%","0.1","0.6","$58,753.81","2.8%","5.7%","20.4%","0.9","1.2","14.0%","16.3%","20.0%","15.5%","9.8%"
"BKR","Baker Hughes Company","US","NasdaqGS","Energy Equipment and Services","23.6%","6.8%","12.5%","0.1%","$2,292.00","$57,201.93","$198.00","8.2%","-0.6%","17.5%","4.1%","4.0%","3.9%","$57.25","1.7%","21.4%","3.0%","0.0","-1.8","$56,795.93","0.3%","8.2%","12.8%","0.0","0.9","20.8%","218.3%","3.8%","10.1%","25.6%"
"CIEN","Ciena Corporation","US","NYSE","Communications Equipment","43.0%","311.9%","11.7%","34.0%","$832.66","$55,519.17","$201.06","15.0%","-1.8%","15.5%","4.6%","1.5%","1.5%","$390.96","-18.4%","58.9%","29.6%","0.0","0.9","$55,341.53","0.9%","11.4%","11.2%","0.2","1.2","108.6%","31.0%","78.9%","14.9%","47.3%"
"VST","Vistra Corp.","US","NYSE","Independent Power and Renewable Electricity Producers","38.6%","-7.2%","34.5%","-0.1%","$1,803.00","$77,486.87","$124.00","9.3%","-3.3%","-0.2%","7.6%","3.3%","7.3%","$163.38","0.6%","-1.1%","19.3%","0.1","0.3","$55,088.87","2.0%","9.0%","19.7%","2.9","1.4","81.8%","82.8%","53.4%","7.9%","56.3%"
"TER","Teradyne, Inc.","US","NasdaqGS","Semiconductors and Semiconductor Equipment","58.7%","52.6%","7.9%","28.9%","$553.18","$54,465.66","$70.70","14.6%","0.3%","20.9%","5.4%","1.0%","1.6%","$349.92","-24.5%","68.6%","32.5%","0.1","0.8","$54,777.23","0.9%","7.9%","27.2%","-0.3","1.8","47.5%","12.2%","54.2%","28.2%","23.7%"
"NDAQ","Nasdaq, Inc.","US","NasdaqGS","Capital Markets","100.0%","31.9%","15.6%","14.2%","$1,951.00","$60,243.23","$171.00","34.8%","4.4%","2.8%","2.8%","3.8%","5.0%","$92.09","19.8%","-4.7%","10.4%","0.1","1.4","$51,476.23","2.6%","15.6%","48.1%","2.6","1.0","24.1%","15.4%","12.7%","7.7%","9.8%"
"WAB","Westinghouse Air Brake Technologies Corporation","US","NYSE","Machinery","35.7%","10.8%","16.1%","20.7%","$1,714.00","$57,401.53","$94.00","14.3%","-1.9%","7.6%","3.4%","3.4%","3.4%","$302.50","12.7%","39.9%","9.4%","0.0","2.0","$51,095.53","1.1%","10.1%","17.9%","2.4","1.0","37.9%","25.6%","16.3%","8.8%","30.6%"
"EBAY","eBay Inc.","US","NasdaqGS","Broadline Retail","71.8%","6.5%","5.3%","12.0%","$1,687.00","$51,915.16","$627.00","14.5%","-5.9%","5.0%","1.8%","3.5%","6.7%","$109.39","-1.3%","25.6%","7.2%","0.0","2.3","$48,569.16","5.2%","5.7%","21.8%","1.1","1.3","38.3%","55.6%","10.0%","14.2%","10.6%"
"GRMN","Garmin Ltd.","CH","NYSE","Household Durables","59.1%","18.1%","16.4%","16.8%","$1,451.56","$42,772.68","$171.55","19.4%","0.3%","13.1%","2.4%","3.1%","3.3%","$243.03","4.0%","20.1%","9.8%","0.0","2.3","$46,869.84","0.4%","15.6%","26.5%","-1.9","1.0","34.7%","21.5%","9.1%","23.8%","12.2%"
"ADSK","Autodesk, Inc.","US","NasdaqGS","Software","92.4%","46.8%","14.0%","18.8%","$2,729.00","$43,702.72","$713.00","36.4%","-0.4%","7.8%","2.2%","6.2%","5.5%","$209.75","7.4%","-26.8%","12.1%","0.0","1.5","$44,287.72","3.7%","13.7%","27.2%","-0.3","1.5","0.0%","21.0%","16.3%","13.0%","-7.4%"
"CMG","Chipotle Mexican Grill, Inc.","US","NYSE","Hotels, Restaurants and Leisure","39.6%","-3.4%","10.2%","4.0%","$1,506.34","$45,152.57","$109.94","12.4%","-2.4%","1.4%","0.8%","3.7%","3.3%","$31.79","-3.6%","-15.2%","9.8%","0.1","-9.6","$40,778.11","6.5%","10.6%","15.9%","1.9","1.0","-5.5%","13.9%","7.9%","18.1%","-2.8%"
"PAYX","Paychex, Inc.","US","NasdaqGS","Professional Services","74.3%","6.8%","10.8%","20.0%","$2,321.80","$43,874.39","$96.10","35.7%","-0.5%","2.3%","-0.0%","5.7%","5.8%","$113.55","13.8%","4.6%","5.4%","0.0","2.7","$40,387.79","1.5%","9.2%","39.5%","1.2","0.9","-0.4%","4.4%","8.8%","14.3%","3.1%"
"MSCI","MSCI Inc.","US","NYSE","Capital Markets","83.0%","21.0%","12.7%","12.7%","$1,597.93","$46,233.93","$121.24","47.9%","-2.8%","2.1%","-0.4%","4.0%","3.6%","$550.79","-1.3%","-2.6%","10.4%","0.0","1.9","$40,042.43","6.7%","12.4%","55.7%","3.2","1.3","1.1%","17.0%","14.0%","29.7%","-0.1%"
"UAL","United Airlines Holdings, Inc.","US","NasdaqGS","Passenger Airlines","31.8%","7.1%","5.5%","-0.4%","$2,544.00","$55,419.52","","4.0%","-0.3%","10.0%","0.6%","6.6%","5.1%","$118.27","-12.5%","4.7%","9.8%","0.1","-4.5","$38,388.52","0.2%","7.3%","7.0%","2.4","1.3","30.5%","10.1%","15.2%","4.3%","19.5%"
"HIG","The Hartford Insurance Group, Inc.","US","NYSE","Insurance","37.9%","40.6%","13.3%","20.9%","$5,789.00","$42,658.64","","19.7%","-4.0%","-8.8%","0.4%","15.2%","","$140.53","5.3%","2.5%","2.5%","0.0","-1.6","$38,065.64","4.6%","7.5%","18.0%","0.8","0.6","25.0%","35.5%","3.7%","5.2%","20.2%"
"VMC","Vulcan Materials Company","US","NYSE","Construction Materials","27.7%","19.2%","11.9%","8.3%","$1,116.40","$41,367.94","$64.70","13.8%","-0.8%","22.3%","8.6%","3.1%","3.1%","$279.70","-7.9%","-4.4%","4.0%","0.1","2.3","$36,292.44","1.6%","2.8%","20.1%","2.1","1.1","9.4%","23.0%","15.9%","7.8%","10.5%"
"WDAY","Workday, Inc.","US","NasdaqGS","Software","75.8%","77.7%","16.4%","13.5%","$2,972.00","$32,877.39","$1,576.00","30.2%","-1.8%","6.4%","1.0%","8.9%","10.0%","$135.34","9.5%","-34.2%","11.3%","0.0","2.5","$33,425.39","13.6%","15.1%","11.7%","-0.4","1.2","-16.2%","46.0%","16.1%","5.9%","-10.1%"
"EME","EMCOR Group, Inc.","US","NYSE","Construction and Engineering","19.3%","31.7%","26.6%","18.1%","$1,078.82","$32,702.48","$21.92","6.1%","-1.9%","15.8%","10.2%","3.3%","3.4%","$744.85","-8.5%","16.6%","10.0%","0.0","1.9","$33,101.34","1.4%","16.0%","9.3%","-0.2","1.2","55.4%","48.6%","12.2%","20.9%","44.2%"
"NTAP","NetApp, Inc.","US","NasdaqGS","Technology Hardware, Storage and Peripherals","70.7%","12.0%","5.2%","6.2%","$1,869.00","$32,012.61","$382.00","27.0%","-2.7%","2.8%","4.1%","5.7%","7.3%","$167.74","8.5%","57.5%","6.7%","0.0","2.8","$32,863.61","3.0%","2.9%","24.5%","-0.5","1.4","31.6%","3.1%","8.5%","16.9%","19.3%"
"RDDT","Reddit, Inc.","US","NYSE","Interactive Media and Services","91.4%","432.7%","57.8%","71.7%","$868.73","$29,732.71","$326.10","35.1%","","16.5%","8.8%","2.7%","4.0%","$168.73","1.1%","-30.2%","39.2%","0.0","0.5","$32,482.05","0.2%","53.5%","25.1%","-4.3","","","3.0%","36.3%","145.2%",""
"ZTS","Zoetis Inc.","US","NYSE","Pharmaceuticals","71.8%","11.0%","6.7%","4.2%","$2,237.00","$38,901.84","$91.00","23.5%","-3.2%","5.5%","-1.7%","7.1%","5.9%","$75.35","3.6%","-40.2%","3.5%","0.1","1.7","$31,588.84","10.8%","5.6%","38.1%","1.8","1.0","-25.4%","11.4%","8.7%","25.6%","-17.0%"
"EXPE","Expedia Group, Inc.","US","NasdaqGS","Hotels, Restaurants and Leisure","90.3%","33.3%","9.7%","10.9%","$4,101.00","$31,374.54","$403.00","27.0%","-6.8%","12.2%","2.2%","13.1%","11.1%","$259.94","-2.0%","-8.1%","7.9%","0.0","0.9","$31,198.54","7.3%","7.9%","16.1%","-0.4","1.4","30.4%","77.6%","20.8%","6.9%","10.0%"
"TDY","Teledyne Technologies Incorporated","US","NYSE","Electronic Equipment, Instruments and Components","43.3%","13.9%","4.7%","9.3%","$1,142.10","$32,066.09","$38.90","17.9%","-0.5%","6.0%","5.3%","3.8%","4.3%","$655.35","2.2%","26.3%","6.1%","0.0","3.0","$30,379.19","1.2%","4.5%","19.6%","1.1","1.0","20.1%","8.7%","8.7%","7.4%","8.2%"
"VEEV","Veeva Systems Inc.","US","NYSE","Health Care Technology","75.0%","19.7%","17.4%","15.5%","$1,640.21","$23,043.79","$479.75","49.4%","0.5%","6.5%","2.9%","5.4%","5.1%","$186.24","5.7%","-15.1%","13.0%","0.0","2.8","$30,253.44","1.0%","15.1%","29.7%","-7.0","1.1","-2.1%","20.9%","10.5%","29.7%","-10.6%"
"CRS","Carpenter Technology Corporation","US","NYSE","Aerospace and Defense","29.7%","34.8%","47.9%","20.9%","$407.40","$30,399.21","$25.20","13.5%","0.8%","4.8%","1.8%","1.4%","1.6%","$603.69","-0.6%","78.4%","10.0%","0.1","1.5","$29,994.71","0.7%","8.7%","21.1%","0.5","1.3","119.0%","183.4%","28.6%","18.2%","76.2%"
"WRB","W. R. Berkley Corporation","US","NYSE","Insurance","43.8%","10.4%","9.8%","4.9%","$3,352.86","$30,138.34","$54.52","22.6%","-1.6%","14.1%","-0.4%","12.0%","","$75.46","6.3%","8.8%","3.4%","0.0","1.3","$29,311.46","1.9%","8.6%","16.9%","0.3","0.4","25.2%","17.0%","5.5%","5.2%","20.9%"
"FICO","Fair Isaac Corporation","US","NYSE","Software","84.2%","35.7%","19.8%","27.6%","$900.88","$32,132.93","$163.89","39.9%","-2.5%","13.9%","10.3%","3.1%","4.4%","$1,237.37","5.1%","-24.7%","21.4%","0.0","0.9","$28,695.73","6.6%","16.6%","50.9%","3.0","1.3","14.7%","28.1%","34.2%","56.2%","18.5%"
"RMD","ResMed Inc.","US","NYSE","Health Care Equipment and Supplies","62.2%","16.4%","14.6%","15.5%","$1,754.22","$27,348.32","$101.64","31.7%","-0.6%","3.2%","0.6%","6.2%","5.2%","$195.27","-1.6%","-20.2%","7.7%","0.0","1.1","$28,165.66","1.9%","11.3%","34.8%","-0.4","0.9","-3.2%","21.0%","12.8%","24.7%","-5.0%"
"WTW","Willis Towers Watson Public Limited Company","GB","NasdaqGS","Insurance","42.4%","-3,367.7%","0.6%","-2.3%","$1,567.00","$33,005.54","$158.00","15.8%","-3.4%","2.4%","-0.5%","5.6%","6.6%","$295.11","11.9%","-9.6%","6.3%","0.0","1.2","$27,872.54","6.5%","3.4%","23.7%","1.8","0.6","13.1%","19.9%","14.5%","7.9%","8.9%"
"DXCM","DexCom, Inc.","US","NasdaqGS","Health Care Equipment and Supplies","61.5%","75.5%","15.0%","20.2%","$1,429.40","$26,574.95","$168.70","29.7%","-0.2%","4.5%","1.5%","5.2%","4.6%","$71.54","2.2%","7.5%","11.8%","0.1","1.3","$27,605.35","1.8%","16.8%","21.4%","-0.8","1.5","-17.9%","48.7%","19.7%","27.5%","-8.6%"
"GEHC","GE HealthCare Technologies Inc.","US","NasdaqGS","Health Care Equipment and Supplies","39.1%","-12.4%","3.6%","-1.3%","$1,519.00","$36,103.34","$143.00","7.2%","0.0%","-5.7%","2.1%","5.5%","5.5%","$60.58","-7.8%","-26.9%","5.1%","0.0","2.4","$27,557.34","1.1%","3.9%","14.0%","2.4","1.2","-7.5%","3.5%","8.6%","7.6%",""
"DOV","Dover Corporation","US","NYSE","Machinery","40.1%","-49.9%","4.4%","8.7%","$1,171.68","$28,736.36","$40.86","13.9%","-1.3%","0.4%","-0.7%","4.3%","4.6%","$202.20","-9.7%","3.3%","5.9%","0.0","2.3","$27,232.34","2.2%","1.2%","18.0%","0.8","1.3","12.8%","4.8%","9.8%","11.7%","5.6%"
"FISV","Fiserv, Inc.","US","NasdaqGS","Financial Services","58.1%","4.6%","6.6%","-3.0%","$4,127.00","$55,705.62","$351.00","19.6%","-4.4%","4.6%","-1.1%","15.2%","11.7%","$51.02","4.5%","-22.2%","2.6%","0.1","-1.4","$27,206.62","13.7%","5.1%","24.5%","3.4","0.8","-25.6%","16.1%","2.2%","5.6%","-15.0%"
"ATI","ATI Inc.","US","NYSE","Aerospace and Defense","23.2%","9.8%","13.0%","11.8%","$552.50","$28,534.26","$28.20","12.0%","2.0%","7.9%","-2.6%","2.0%","2.5%","$197.80","0.0%","65.9%","9.1%","0.1","1.7","$26,992.26","2.1%","4.4%","15.0%","1.7","1.1","62.2%","5.4%","25.9%","13.9%","57.5%"
"MTZ","MasTec, Inc.","US","NYSE","Construction and Engineering","12.8%","111.3%","16.9%","20.1%","$256.71","$29,216.45","$35.31","1.7%","0.2%","6.4%","10.2%","1.0%","2.8%","$337.84","-21.3%","48.4%","24.7%","0.0","1.8","$26,349.64","0.2%","13.7%","5.0%","2.3","1.9","42.2%","213.4%","29.2%","8.1%","27.8%"
"CPRT","Copart, Inc.","US","NasdaqGS","Commercial Services and Supplies","47.5%","6.6%","9.2%","7.4%","$1,339.23","$21,777.76","$38.11","28.9%","-1.0%","-8.1%","3.5%","5.2%","4.4%","$27.94","-0.6%","-26.0%","1.9%","0.1","-47.8","$25,867.17","6.2%","7.3%","37.8%","-2.1","1.1","-14.2%","10.4%","2.8%","29.7%","-5.2%"
"HUBB","Hubbell Incorporated","US","NYSE","Electrical Equipment","35.7%","13.7%","10.0%","11.4%","$909.30","$27,918.26","$33.00","15.2%","-0.5%","0.2%","1.0%","3.5%","3.5%","$486.09","-5.6%","5.0%","12.9%","0.0","3.0","$25,685.86","1.0%","5.7%","20.9%","1.5","1.0","17.9%","18.7%","8.9%","15.6%","21.8%"
"DGX","Quest Diagnostics Incorporated","US","NYSE","Health Care Providers and Services","33.2%","12.8%","6.0%","9.7%","$1,349.00","$31,310.67","$88.00","11.7%","-0.6%","5.6%","2.4%","5.4%","5.5%","$227.86","7.6%","31.1%","6.5%","0.0","2.0","$25,149.67","1.9%","6.8%","14.6%","2.5","0.6","21.7%","11.0%","8.8%","8.9%","12.4%"
"XPO","XPO, Inc.","US","NYSE","Ground Transportation","18.6%","-10.4%","10.5%","9.8%","$458.00","$28,864.50","$75.00","5.5%","0.4%","15.3%","2.9%","1.8%","2.4%","$213.01","3.3%","53.5%","6.9%","0.1","2.3","$25,009.50","1.0%","2.4%","9.2%","3.0","1.8","44.6%","20.6%","24.4%","8.4%","8.9%"
"WWD","Woodward, Inc.","US","NasdaqGS","Aerospace and Defense","28.5%","34.9%","27.2%","31.6%","$388.56","$25,633.27","$33.42","9.7%","-0.3%","8.6%","8.2%","1.6%","1.7%","$419.00","-1.0%","34.8%","14.9%","0.0","1.4","$24,965.22","1.4%","15.6%","15.2%","0.9","1.0","52.8%","47.9%","22.6%","13.0%","29.2%"
"NVT","nVent Electric plc","GB","NYSE","Electrical Equipment","37.0%","-14.0%","11.6%","30.0%","$381.90","$26,054.95","$45.40","8.8%","-0.8%","0.3%","12.0%","1.6%","2.8%","$151.79","-6.7%","42.1%","21.9%","0.0","1.4","$24,547.55","1.0%","13.5%","16.2%","1.6","1.3","44.2%","5.8%","21.7%","9.9%","39.2%"
"CPAY","Corpay, Inc.","US","NYSE","Financial Services","79.7%","16.9%","11.6%","20.6%","$1,310.36","$32,505.22","$111.77","27.4%","-4.0%","1.7%","4.0%","5.4%","8.8%","$370.58","10.5%","23.3%","13.4%","0.0","0.9","$24,221.82","6.0%","10.6%","46.8%","3.1","0.8","14.8%","9.9%","18.0%","7.7%","7.6%"
"WST","West Pharmaceutical Services, Inc.","US","NYSE","Life Sciences Tools and Services","36.8%","16.8%","3.8%","17.2%","$436.90","$22,978.03","$32.60","13.1%","-1.6%","27.1%","3.8%","1.9%","2.0%","$328.20","-7.5%","18.7%","8.0%","0.1","1.8","$23,097.33","1.9%","5.1%","22.0%","-0.1","1.2","-2.3%","4.4%","14.5%","18.3%","-2.6%"
"VLTO","Veralto Corporation","US","NYSE","Commercial Services and Supplies","59.9%","10.9%","5.9%","5.8%","$1,042.00","$24,042.04","$74.00","18.6%","","6.4%","1.6%","4.6%","4.8%","$92.02","4.3%","-6.6%","6.0%","0.0","2.6","$22,600.04","1.2%","4.3%","23.2%","1.0","1.1","","3.1%","8.9%","21.6%",""
"UTHR","United Therapeutics Corporation","US","NasdaqGS","Biotechnology","86.6%","7.8%","15.0%","3.0%","$1,016.90","$18,960.72","$149.80","32.1%","-3.2%","6.4%","-2.0%","4.5%","3.8%","$528.47","-3.0%","6.4%","7.5%","0.2","-5.8","$22,431.82","10.4%","17.0%","46.1%","-2.2","0.9","29.7%","22.1%","10.5%","28.4%","23.2%"
"MKSI","MKS Inc.","US","NasdaqGS","Semiconductors and Semiconductor Equipment","46.6%","42.3%","7.1%","9.4%","$402.00","$25,957.18","$52.00","9.9%","0.4%","0.3%","3.1%","1.8%","1.8%","$329.18","-20.9%","95.5%","19.2%","0.0","1.4","$22,234.18","0.2%","4.2%","14.7%","4.0","1.9","47.8%","26.8%","24.5%","7.4%","16.9%"
"RL","Ralph Lauren Corporation","US","NYSE","Textiles, Apparel and Luxury Goods","69.9%","30.1%","10.7%","16.8%","$746.10","$23,178.52","$111.00","9.2%","-3.0%","7.1%","7.1%","3.4%","4.4%","$373.58","-6.0%","3.0%","5.6%","0.1","2.2","$22,234.12","2.8%","8.0%","15.9%","0.6","1.5","45.8%","25.9%","20.8%","24.3%","30.3%"
"BURL","Burlington Stores, Inc.","US","NYSE","Specialty Retail","43.9%","19.1%","12.9%","12.1%","$382.94","$26,893.15","$121.22","3.2%","-1.2%","2.9%","1.9%","1.8%","2.0%","$349.97","11.4%","17.3%","10.0%","0.1","1.7","$21,768.40","1.2%","10.2%","7.5%","4.0","1.8","26.1%","37.1%","17.5%","8.5%","1.5%"
"SN","SharkNinja, Inc.","US","NYSE","Household Durables","49.0%","56.9%","30.3%","17.9%","$385.37","$21,379.02","$62.63","5.8%","0.6%","6.8%","2.1%","1.8%","4.4%","$148.60","1.5%","30.5%","12.2%","0.0","1.8","$21,029.93","0.3%","20.5%","14.4%","0.3","1.4","53.6%","55.2%","14.6%","23.7%",""
"STE","STERIS plc","US","NYSE","Health Care Equipment and Supplies","44.2%","27.8%","9.9%","8.6%","$972.40","$22,523.87","$61.70","16.4%","-0.4%","-0.1%","-0.4%","4.7%","3.8%","$214.07","0.4%","-14.4%","6.8%","0.1","2.8","$20,862.77","1.0%","9.4%","18.7%","1.0","1.0","-1.4%","95.1%","9.0%","8.7%","0.9%"
"ULTA","Ulta Beauty, Inc.","US","NasdaqGS","Specialty Retail","43.2%","4.3%","6.3%","12.5%","$1,130.58","$22,516.54","$36.50","8.9%","-4.8%","-0.4%","1.5%","5.5%","5.5%","$475.36","3.5%","-23.3%","6.1%","0.0","1.5","$20,435.40","5.2%","6.6%","12.4%","1.1","0.9","2.0%","2.8%","11.0%","23.6%","7.1%"
"STRL","Sterling Infrastructure, Inc.","US","NasdaqGS","Construction and Engineering","23.3%","30.7%","33.7%","51.3%","$441.66","$20,117.46","$25.00","15.3%","-0.1%","17.0%","39.5%","2.2%","2.3%","$660.94","-18.8%","107.1%","39.1%","0.0","0.8","$20,281.42","0.3%","16.9%","17.2%","-0.3","1.5","124.4%","47.7%","21.1%","18.8%","99.3%"
"EFX","Equifax Inc.","US","NYSE","Professional Services","55.5%","11.1%","7.8%","9.8%","$1,105.00","$25,707.54","$92.30","17.1%","-1.4%","9.7%","0.2%","5.5%","4.5%","$172.54","8.8%","-19.4%","10.1%","0.1","2.5","$20,270.84","6.6%","8.4%","18.3%","2.8","1.6","-4.5%","10.1%","16.0%","7.2%","-7.1%"
"THC","Tenet Healthcare Corporation","US","NYSE","Health Care Providers and Services","41.7%","64.5%","7.3%","7.7%","$3,023.00","$35,207.15","$132.00","13.9%","-5.5%","15.6%","3.5%","15.0%","16.4%","$233.20","24.6%","16.9%","2.6%","0.0","0.7","$20,087.15","8.7%","3.1%","18.0%","2.3","1.4","47.2%","77.1%","2.1%","13.1%","26.6%"
"ZTO","ZTO Express (Cayman) Inc.","CN","NYSE","Air Freight and Logistics","24.9%","0.5%","8.8%","-4.4%","$1,040.91","$17,043.63","$33.23","13.9%","-2.0%","5.2%","3.8%","5.7%","7.6%","$23.98","8.1%","11.7%","12.7%","0.1","0.7","$18,193.99","1.0%","12.2%","20.7%","-0.6","-0.2","-0.2%","7.4%","13.3%","10.7%","0.7%"
"SSNC","SS&C Technologies Holdings, Inc.","US","NasdaqGS","Professional Services","48.1%","9.7%","7.3%","7.3%","$1,751.60","$25,205.05","$268.50","26.7%","-1.1%","2.3%","2.0%","9.8%","9.8%","$73.88","17.4%","-13.8%","6.3%","0.0","1.4","$17,792.75","5.8%","6.8%","23.6%","3.5","1.2","7.9%","12.7%","10.5%","6.5%","1.0%"
"BR","Broadridge Financial Solutions, Inc.","US","NYSE","Professional Services","31.3%","40.5%","10.9%","11.4%","$1,317.20","$20,325.53","$82.70","18.0%","-0.7%","16.8%","2.6%","7.6%","6.9%","$148.92","10.0%","-32.5%","6.1%","0.0","1.4","$17,223.83","2.6%","7.2%","17.1%","1.8","1.0","-2.6%","26.1%","10.0%","12.8%","-1.1%"
"APG","APi Group Corporation","US","NYSE","Construction and Engineering","31.4%","-297.8%","13.4%","15.1%","$680.00","$19,567.83","$45.00","8.3%","7.1%","6.4%","3.1%","4.0%","3.8%","$39.57","-3.5%","1.5%","9.0%","0.0","-3.9","$17,142.83","0.2%","6.8%","8.6%","2.3","1.7","28.3%","67.5%","13.4%","7.5%","21.7%"
"FN","Fabrinet","KY","NYSE","Electronic Equipment, Instruments and Components","12.0%","29.8%","15.7%","29.2%","$45.81","$16,115.58","$34.47","1.1%","-0.4%","3.4%","2.2%","0.3%","2.1%","$476.04","-9.9%","-0.7%","28.9%","0.0","1.1","$17,056.39","0.3%","18.0%","9.9%","-2.0","1.0","55.6%","21.0%","28.1%","28.6%","39.5%"
"TXT","Textron Inc.","US","NYSE","Aerospace and Defense","17.8%","18.0%","9.9%","9.0%","$859.00","$19,317.61","","5.7%","-4.2%","1.5%","5.4%","5.2%","4.2%","$95.53","6.0%","9.7%","4.6%","0.0","2.7","$16,611.61","4.1%","5.6%","8.4%","1.6","1.0","7.8%","8.9%","9.4%","6.9%","6.9%"
"NDSN","Nordson Corporation","US","NasdaqGS","Machinery","55.2%","20.4%","4.4%","7.7%","$713.67","$18,350.31","$20.56","24.6%","-0.8%","-0.1%","1.7%","4.3%","4.3%","$295.77","-2.1%","22.7%","6.0%","0.0","2.6","$16,479.70","1.5%","3.7%","26.3%","2.1","1.0","7.4%","1.7%","10.0%","11.1%","7.2%"
"KSPI","Joint Stock Company Kaspi.kz","KZ","NasdaqGS","Consumer Finance","69.2%","-0.4%","32.2%","27.5%","$1,460.50","$15,467.94","","16.2%","0.0%","-8.7%","4.7%","9.0%","15.5%","$85.79","-1.9%","10.6%","18.0%","0.0","2.5","$16,302.44","0.6%","45.1%","54.3%","-0.2","-0.1","7.6%","18.0%","10.6%","20.7%","2.8%"
"BWXT","BWX Technologies, Inc.","US","NYSE","Aerospace and Defense","22.7%","19.4%","10.7%","13.9%","$328.10","$17,493.99","$31.19","9.7%","0.1%","22.2%","2.6%","2.1%","1.6%","$174.52","-7.8%","-4.0%","14.1%","0.1","2.7","$15,988.59","0.1%","14.1%","10.4%","3.2","0.9","37.9%","12.6%","13.5%","9.6%","26.4%"
"TIGO","Millicom International Cellular S.A.","LU","NasdaqGS","Wireless Telecommunication Services","77.1%","256.3%","6.8%","14.5%","$1,289.00","$26,542.70","$12.00","20.0%","-0.9%","105.0%","1.0%","8.2%","6.9%","$94.54","3.3%","67.2%","22.5%","0.1","0.6","$15,801.70","0.9%","4.8%","24.6%","3.8","0.9","94.0%","94.3%","13.2%","7.3%","27.8%"
"CDE","Coeur Mining, Inc.","US","NYSE","Metals and Mining","58.6%","328.9%","133.0%","199.5%","$914.84","$15,582.20","$24.54","35.6%","44.6%","5.0%","9.2%","5.8%","14.8%","$15.13","-7.3%","-13.8%","60.9%","0.1","0.1","$15,652.15","0.3%","48.4%","40.4%","-0.1","1.3","73.2%","46.2%","78.6%","9.5%","15.4%"
"JLL","Jones Lang LaSalle Incorporated","US","NYSE","Real Estate Management and Development","51.1%","68.1%","7.8%","9.9%","$970.70","$18,757.79","$116.00","3.6%","-1.0%","18.3%","6.5%","6.4%","5.3%","$325.45","4.0%","-3.1%","9.2%","0.0","0.8","$15,098.79","3.5%","8.8%","4.6%","2.2","1.4","25.6%","21.8%","15.6%","7.0%","8.9%"
"YUMC","Yum China Holdings, Inc.","CN","NYSE","Hotels, Restaurants and Leisure","20.4%","9.1%","8.8%","7.7%","$931.00","$16,540.20","$43.00","7.7%","-6.1%","1.9%","1.4%","6.2%","6.8%","$43.40","6.2%","-9.9%","6.8%","0.1","1.0","$14,997.20","7.9%","7.2%","11.3%","0.5","0.1","-8.2%","20.3%","14.0%","10.4%","-5.3%"
"TRU","TransUnion","US","NYSE","Professional Services","58.8%","92.4%","7.1%","9.2%","$696.50","$19,863.73","$152.80","14.7%","-0.1%","6.2%","2.3%","4.7%","6.7%","$76.51","6.6%","-8.2%","10.1%","0.1","1.9","$14,751.13","2.3%","8.2%","18.1%","3.4","1.7","-0.7%","36.9%","13.9%","6.7%","-7.9%"
"MLI","Mueller Industries, Inc.","US","NYSE","Machinery","28.8%","22.2%","7.7%","16.1%","$666.37","$12,770.66","$28.67","14.3%","-0.9%","28.5%","12.8%","4.7%","5.0%","$63.91","4.1%","9.4%","14.3%","0.0","0.5","$14,135.70","0.5%","8.1%","21.9%","-1.3","1.0","49.1%","10.5%","17.5%","33.0%","44.9%"
"NVMI","Nova Ltd.","IL","NasdaqGS","Semiconductors and Semiconductor Equipment","57.3%","20.2%","17.7%","21.0%","$194.25","$13,054.08","$27.22","21.5%","3.4%","0.7%","3.4%","1.4%","1.6%","$437.98","-15.8%","26.1%","21.3%","0.0","2.5","$13,920.31","0.1%","16.6%","28.9%","-3.1","1.8","54.1%","21.3%","20.4%","16.1%","36.3%"
"EXEL","Exelixis, Inc.","US","NasdaqGS","Biotechnology","96.4%","37.2%","12.6%","3.0%","$917.69","$12,660.72","$116.10","38.6%","-8.3%","16.2%","1.0%","6.6%","5.9%","$55.37","2.0%","27.1%","12.3%","0.0","1.3","$13,917.53","8.1%","12.6%","40.3%","-1.3","0.4","41.5%","85.9%","13.4%","51.1%","27.2%"
"WMG","Warner Music Group Corp.","US","NasdaqGS","Entertainment","45.8%","-1.5%","5.6%","10.1%","$729.00","$18,282.89","$58.00","10.2%","0.4%","6.9%","7.6%","5.3%","4.8%","$26.55","-1.5%","-12.8%","7.3%","0.0","0.6","$13,848.89","0.6%","7.0%","16.6%","2.7","1.3","-3.5%","1.0%","20.2%","11.5%","-4.2%"
"LECO","Lincoln Electric Holdings, Inc.","US","NasdaqGS","Machinery","36.1%","19.5%","6.2%","6.6%","$438.46","$14,843.25","$21.58","10.1%","-1.5%","4.2%","4.5%","3.2%","4.1%","$251.47","-4.5%","3.2%","6.8%","0.0","2.4","$13,777.31","2.0%","3.9%","17.1%","1.3","1.3","9.9%","6.6%","9.7%","19.8%","14.8%"
"RPM","RPM International Inc.","US","NYSE","Chemicals","41.4%","-3.5%","5.8%","6.8%","$675.20","$16,278.69","$32.85","8.6%","-0.3%","61.8%","2.5%","4.9%","6.1%","$107.00","-2.8%","3.1%","4.6%","0.0","2.4","$13,668.33","0.6%","2.7%","12.5%","2.2","","2.4%","11.6%","5.2%","11.7%","6.7%"
"GL","Globe Life Inc.","US","NYSE","Insurance","33.9%","20.2%","11.1%","9.6%","$1,229.79","$16,475.19","","20.2%","-6.7%","-1.4%","0.2%","8.6%","5.5%","$173.48","-3.0%","25.3%","6.7%","0.0","1.4","$13,469.81","5.3%","5.5%","26.7%","1.8","0.5","17.0%","19.1%","7.0%","4.3%","14.2%"
"DECK","Deckers Outdoor Corporation","US","NYSE","Textiles, Apparel and Luxury Goods","57.8%","8.7%","19.4%","8.2%","$1,097.33","$11,948.65","$44.84","20.1%","-4.6%","20.4%","0.2%","7.7%","7.1%","$96.04","-5.2%","-10.1%","7.4%","0.0","1.9","$13,078.91","7.6%","14.4%","22.7%","-0.9","1.2","2.4%","28.2%","7.7%","68.8%","7.7%"
"ALLE","Allegion plc","IE","NYSE","Building Products","44.8%","5.8%","8.3%","10.6%","$671.10","$14,942.94","$29.80","15.6%","-1.1%","-5.1%","2.8%","5.1%","5.4%","$153.36","9.8%","-4.7%","6.7%","0.0","2.1","$13,041.24","1.1%","5.9%","21.1%","1.8","1.0","11.6%","9.2%","8.3%","18.9%","3.8%"
"MOG.A","Moog Inc.","US","NYSE","Aerospace and Defense","27.3%","34.1%","10.6%","12.2%","$310.28","$14,122.10","$18.41","7.4%","-0.2%","11.7%","1.8%","2.4%","2.2%","$410.13","-3.7%","64.1%","9.6%","0.0","2.0","$12,971.88","0.4%","10.0%","11.0%","2.0","1.0","55.8%","18.8%","15.6%","8.8%","39.9%"
"DY","Dycom Industries, Inc.","US","NYSE","Construction and Engineering","20.5%","32.8%","21.7%","33.4%","$440.28","$15,357.64","$35.94","7.0%","0.8%","14.0%","17.5%","3.4%","4.4%","$429.81","-15.2%","23.7%","23.6%","0.0","1.1","$12,907.82","0.5%","16.3%","8.0%","3.0","1.4","62.6%","21.6%","19.8%","10.6%","45.1%"
"GGG","Graco Inc.","US","NYSE","Machinery","52.6%","12.8%","2.4%","5.4%","$629.46","$12,419.97","$33.31","27.8%","-1.4%","-11.1%","-2.9%","4.9%","3.5%","$79.50","5.3%","-3.8%","5.1%","0.0","2.2","$12,875.33","2.6%","1.2%","27.7%","-0.6","1.1","1.0%","2.8%","7.0%","21.4%","2.4%"
"CCK","Crown Holdings, Inc.","US","NYSE","Containers and Packaging","21.0%","46.7%","7.4%","3.7%","$1,199.00","$18,578.89","$45.00","9.0%","-3.4%","6.3%","8.7%","9.5%","7.7%","$117.88","6.1%","13.2%","6.3%","0.0","2.2","$12,673.89","6.4%","2.4%","12.5%","2.6","0.8","9.3%","20.5%","6.5%","11.6%","4.6%"
"TYL","Tyler Technologies, Inc.","US","NYSE","Software","46.8%","9.2%","12.0%","13.7%","$687.73","$12,231.67","$150.78","28.9%","0.1%","2.7%","0.7%","5.5%","4.7%","$297.15","2.2%","-31.8%","9.7%","0.0","2.9","$12,530.06","3.4%","8.5%","15.7%","-0.7","0.9","-8.2%","25.5%","12.1%","6.2%","-9.6%"
"HTHT","H World Group Limited","CN","NasdaqGS","Hotels, Restaurants and Leisure","40.5%","52.7%","57.8%","21.1%","$1,052.77","$15,380.36","$62.19","28.0%","-1.2%","67.0%","1.5%","8.5%","6.7%","$40.47","-6.5%","-15.7%","6.1%","0.0","0.9","$12,445.49","0.4%","18.3%","27.9%","2.4","0.1","1.6%","186.8%","16.9%","8.8%","2.5%"
"PINS","Pinterest, Inc.","US","NYSE","Interactive Media and Services","79.9%","-81.7%","17.9%","16.7%","$1,207.15","$12,302.75","$924.48","27.6%","-6.4%","-0.7%","4.1%","9.7%","10.4%","$22.13","6.3%","-16.7%","13.9%","0.0","2.4","$12,396.28","24.8%","15.6%","7.4%","-0.3","0.9","-6.3%","3.6%","17.1%","11.0%","-21.5%"
"GDDY","GoDaddy Inc.","US","NYSE","IT Services","63.8%","21.5%","6.9%","7.5%","$1,641.30","$14,871.60","$312.70","32.7%","-4.7%","3.7%","0.3%","13.3%","15.9%","$93.16","9.3%","-21.4%","5.9%","0.0","1.0","$12,335.30","8.8%","6.8%","23.9%","1.9","0.9","8.1%","44.6%","14.9%","10.9%","2.1%"
"SEIC","SEI Investments Company","US","NasdaqGS","Capital Markets","78.4%","6.7%","9.4%","10.3%","$689.38","$11,873.26","$53.56","28.1%","-3.2%","9.3%","0.8%","5.8%","7.6%","$99.22","14.7%","19.5%","10.0%","0.0","1.6","$11,904.12","4.1%","9.1%","28.7%","-0.5","1.0","18.2%","24.2%","8.4%","25.6%","11.8%"
"SMTC","Semtech Corporation","US","NasdaqGS","Semiconductors and Semiconductor Equipment","52.4%","-75.7%","6.7%","14.8%","$173.22","$12,083.90","$77.33","15.9%","13.4%","2.0%","2.6%","1.5%","2.4%","$125.92","-19.4%","67.3%","27.6%","0.0","-6.0","$11,729.60","0.3%","11.3%","10.4%","2.3","2.0","65.8%","58.0%","30.5%","16.8%","16.3%"
"NYT","The New York Times Company","US","NYSE","Media","50.7%","27.3%","10.9%","14.3%","$542.17","$10,490.27","$76.10","18.9%","-0.6%","1.1%","1.7%","4.7%","4.3%","$71.65","1.7%","2.6%","8.4%","0.0","1.8","$11,597.46","1.9%","7.7%","15.9%","-2.1","1.2","23.0%","26.8%","13.1%","16.9%","11.6%"
"WTS","Watts Water Technologies, Inc.","US","NYSE","Machinery","49.2%","25.3%","12.1%","18.1%","$317.30","$11,431.79","$23.50","12.4%","0.0%","12.0%","6.1%","2.8%","3.9%","$344.45","-4.0%","23.6%","8.9%","0.0","2.2","$11,501.49","0.3%","8.8%","19.5%","-0.1","1.2","24.2%","11.9%","9.7%","19.6%","19.7%"
"BMRN","BioMarin Pharmaceutical Inc.","US","NasdaqGS","Biotechnology","51.2%","-48.4%","18.0%","1.0%","$767.06","$10,684.73","$187.17","23.7%","1.0%","-17.9%","1.9%","6.7%","9.1%","$59.33","2.9%","-0.2%","17.2%","0.0","0.7","$11,467.57","0.3%","14.3%","17.4%","-1.2","0.3","-11.9%","55.6%","46.6%","7.2%","-5.4%"
"SCI","Service Corporation International","US","NYSE","Diversified Consumer Services","26.2%","4.7%","2.1%","2.5%","$486.05","$16,264.55","$17.96","11.2%","-3.0%","-2.8%","0.2%","4.3%","4.7%","$82.33","7.6%","6.6%","3.1%","0.1","2.9","$11,359.15","3.9%","2.5%","22.5%","3.7","1.0","8.9%","6.9%","9.6%","4.1%","9.1%"
"HII","Huntington Ingalls Industries, Inc.","US","NYSE","Aerospace and Defense","12.4%","10.9%","3.5%","8.8%","$792.00","$14,047.20","$51.00","6.2%","-0.4%","5.0%","2.7%","7.0%","3.9%","$287.59","3.7%","-17.8%","5.3%","0.0","1.4","$11,332.20","0.4%","6.0%","6.3%","2.4","0.4","9.9%","2.8%","15.0%","5.8%","9.4%"
"PODD","Insulet Corporation","US","NasdaqGS","Health Care Equipment and Supplies","71.0%","-22.7%","32.1%","33.1%","$415.70","$11,841.75","$65.80","14.3%","-0.2%","6.0%","4.3%","3.7%","4.0%","$163.26","3.5%","-42.3%","20.4%","0.1","1.3","$11,308.15","3.1%","28.5%","17.5%","0.9","1.4","-16.2%","691.9%","27.4%","19.7%","-9.4%"
"FIVE","Five Below, Inc.","US","NasdaqGS","Specialty Retail","36.8%","65.8%","18.5%","32.3%","$505.27","$12,120.91","$29.95","9.9%","-0.2%","7.6%","4.5%","4.5%","3.0%","$203.19","14.0%","5.0%","12.4%","0.0","0.7","$11,235.46","0.1%","17.1%","11.0%","1.2","1.2","0.5%","18.4%","16.6%","12.4%","1.3%"
"EHC","Encompass Health Corporation","US","NYSE","Health Care Providers and Services","43.5%","23.6%","13.4%","13.8%","$464.40","$14,722.98","$58.50","7.7%","-0.3%","12.1%","1.2%","4.1%","3.6%","$112.89","12.1%","6.1%","8.2%","0.1","1.9","$11,198.58","2.0%","10.9%","17.9%","1.9","0.6","21.0%","30.4%","9.0%","14.0%","13.0%"
"JKHY","Jack Henry & Associates, Inc.","US","NasdaqGS","Financial Services","44.1%","22.0%","10.2%","13.6%","$727.61","$10,814.84","$28.93","28.9%","-0.8%","17.1%","2.8%","6.8%","4.2%","$150.58","10.1%","-15.6%","6.2%","0.0","2.0","$10,698.83","2.6%","7.5%","26.0%","0.2","0.7","-2.6%","14.4%","8.4%","18.2%","-1.8%"
"RMBS","Rambus Inc.","US","NasdaqGS","Semiconductors and Semiconductor Equipment","80.4%","9.9%","16.5%","16.9%","$335.21","$9,619.50","$54.34","46.5%","-0.2%","-1.0%","0.1%","3.2%","1.9%","$96.01","-22.5%","-3.3%","18.1%","0.0","2.3","$10,382.23","0.5%","15.4%","35.9%","-2.5","1.5","16.4%","61.2%","21.6%","27.5%","33.3%"
"R","Ryder System, Inc.","US","NYSE","Ground Transportation","19.8%","5.0%","3.0%","-0.2%","$1,150.00","$18,498.69","","9.0%","-5.6%","11.7%","1.7%","11.2%","9.2%","$267.68","1.2%","37.9%","5.1%","0.1","1.6","$10,264.69","5.8%","2.3%","7.9%","3.0","1.0","42.3%","1.5%","16.1%","4.7%","32.6%"
"ALSN","Allison Transmission Holdings, Inc.","US","NYSE","Machinery","42.6%","-25.6%","5.1%","0.8%","$609.00","$14,159.39","$28.00","16.7%","-3.1%","-2.4%","1.9%","6.0%","6.5%","$122.34","6.1%","23.7%","42.0%","0.1","1.0","$10,146.39","2.0%","8.8%","25.5%","3.6","1.0","30.2%","2.0%","22.8%","12.3%","27.5%"
"BSY","Bentley Systems, Incorporated","US","NasdaqGS","Software","81.6%","10.9%","12.6%","12.8%","$491.70","$10,892.00","$89.95","31.6%","-0.1%","3.6%","1.0%","5.0%","5.3%","$31.40","5.7%","-17.7%","11.8%","0.0","2.5","$9,831.55","1.6%","11.0%","25.5%","2.3","1.2","-15.5%","19.2%","14.1%","8.3%","-11.8%"
"AYI","Acuity Inc.","US","NYSE","Electrical Equipment","48.7%","18.7%","9.0%","11.8%","$639.40","$10,209.29","$50.30","13.9%","-1.3%","3.5%","1.8%","6.5%","6.6%","$330.14","-10.1%","-11.6%","6.0%","0.0","2.2","$9,816.89","2.8%","4.4%","12.6%","0.5","","26.6%","9.1%","8.7%","12.6%","14.7%"
"PRI","Primerica, Inc.","US","NYSE","Insurance","71.5%","61.2%","10.9%","10.6%","$834.11","$11,023.76","$23.94","24.4%","-4.9%","8.0%","2.2%","8.5%","6.6%","$314.59","9.6%","21.6%","5.7%","0.0","1.8","$9,810.18","4.9%","7.1%","31.7%","1.1","0.9","16.0%","23.0%","6.8%","6.4%","18.4%"
"HALO","Halozyme Therapeutics, Inc.","US","NasdaqGS","Biotechnology","76.7%","-24.4%","34.7%","39.3%","$667.65","$11,576.40","$57.53","44.3%","-4.3%","-110.9%","4.9%","6.9%","14.0%","$81.93","6.2%","16.5%","19.8%","0.0","0.3","$9,717.96","3.3%","28.9%","57.0%","2.0","0.9","23.5%","29.8%","54.2%","34.0%","14.8%"
"VIAV","Viavi Solutions Inc.","US","NasdaqGS","Communications Equipment","60.7%","-1,282.0%","4.8%","33.4%","$45.50","$10,318.85","$53.80","3.3%","3.3%","17.0%","3.3%","0.5%","0.5%","$39.52","-16.6%","117.7%","28.7%","0.0","-1.6","$9,683.15","0.5%","5.1%","9.3%","2.8","1.0","54.1%","11.3%","50.5%","24.5%","19.5%"
"DOCU","DocuSign, Inc.","US","NasdaqGS","Software","79.5%","-70.6%","7.9%","8.6%","$1,120.18","$9,000.40","$618.10","34.1%","-1.9%","6.4%","0.7%","11.6%","11.0%","$50.44","11.6%","-22.2%","8.0%","0.0","1.8","$9,631.25","12.5%","8.3%","10.6%","-1.6","1.0","-1.0%","64.3%","14.5%","6.8%","-30.1%"
"SARO","StandardAero, Inc.","US","NYSE","Aerospace and Defense","14.7%","275.4%","17.6%","16.3%","$148.48","$11,911.07","$14.65","2.4%","","29.6%","9.6%","1.6%","3.3%","$28.70","2.0%","-3.2%","7.7%","0.0","0.8","$9,541.95","0.6%","13.5%","9.0%","3.1","","","118.1%","19.5%","7.6%",""
"LEVI","Levi Strauss & Co.","US","NYSE","Textiles, Apparel and Luxury Goods","61.7%","60.5%","5.5%","7.2%","$559.30","$10,762.03","$77.50","8.5%","-1.0%","13.6%","2.8%","5.9%","6.4%","$24.54","0.7%","17.9%","6.2%","0.0","1.2","$9,444.23","3.8%","2.6%","11.4%","1.4","1.3","22.4%","14.3%","11.9%","13.4%","1.2%"
"UHS","Universal Health Services, Inc.","US","NYSE","Health Care Providers and Services","44.2%","34.8%","14.3%","14.4%","$912.69","$14,574.95","$96.60","5.1%","-4.8%","2.9%","2.5%","9.7%","11.8%","$155.75","5.9%","-29.2%","5.7%","0.1","0.9","$9,428.54","9.5%","9.4%","11.5%","1.9","1.3","4.6%","36.6%","8.1%","12.1%","0.1%"
"FLS","Flowserve Corporation","US","NYSE","Machinery","35.5%","27.2%","14.9%","10.0%","$436.65","$10,419.15","$40.32","9.4%","-0.9%","6.2%","-8.5%","4.7%","4.7%","$72.40","-1.2%","2.3%","5.1%","0.0","2.3","$9,253.23","2.8%","7.2%","13.9%","1.5","1.3","27.2%","15.8%","13.1%","11.6%","13.9%"
"ACM","AECOM","US","NYSE","Construction and Engineering","7.7%","-16.2%","11.9%","8.5%","$410.25","$11,576.78","$61.48","2.6%","-2.6%","10.9%","-3.6%","4.5%","5.0%","$70.56","1.6%","-26.8%","3.5%","0.0","1.1","$9,068.58","7.2%","5.7%","6.8%","1.8","1.1","-5.5%","13.3%","12.2%","11.8%","2.7%"
"MTCH","Match Group, Inc.","US","NasdaqGS","Interactive Media and Services","73.9%","29.0%","5.5%","4.8%","$1,019.90","$11,915.28","$246.38","29.0%","-5.7%","3.7%","1.1%","11.5%","12.3%","$37.91","-1.6%","19.4%","1.8%","0.0","1.3","$8,843.13","8.8%","3.5%","29.0%","2.8","1.3","-3.8%","35.7%","11.1%","24.8%","-24.6%"
"FCFS","FirstCash Holdings, Inc.","US","NasdaqGS","Consumer Finance","57.9%","34.9%","10.8%","16.6%","$550.82","$11,081.50","$20.25","14.2%","-1.2%","12.4%","4.3%","6.0%","4.6%","$195.06","-9.4%","24.4%","14.3%","0.0","0.8","$8,550.78","1.3%","12.0%","16.4%","3.2","0.5","27.5%","20.6%","19.0%","10.6%","21.8%"
"ATR","AptarGroup, Inc.","US","NYSE","Containers and Packaging","36.7%","7.0%","6.8%","4.5%","$327.00","$9,699.24","$41.51","8.4%","-0.9%","1.7%","2.8%","3.9%","5.1%","$132.36","5.6%","8.0%","5.0%","0.1","-5.1","$8,447.26","4.2%","5.1%","13.1%","1.5","0.5","4.8%","18.9%","5.3%","10.5%","0.7%"
"FORM","FormFactor, Inc.","US","NasdaqGS","Semiconductors and Semiconductor Equipment","42.2%","26.0%","8.8%","14.2%","$36.55","$7,839.02","$36.84","4.4%","0.3%","28.7%","0.3%","0.5%","-0.0%","$104.04","-27.8%","75.8%","18.1%","0.1","1.4","$8,110.41","0.1%","5.4%","11.8%","-2.0","1.1","43.7%","44.9%","32.3%","10.3%","24.5%"
"ZWS","Zurn Elkay Water Solutions Corporation","US","NYSE","Building Products","45.4%","27.2%","15.5%","10.0%","$320.70","$8,351.96","$41.80","18.4%","-1.2%","13.0%","3.4%","4.0%","4.2%","$48.38","-3.1%","3.3%","6.5%","0.0","2.5","$8,073.26","1.5%","7.2%","17.5%","0.7","0.8","18.7%","56.0%","12.4%","10.4%","14.7%"
"EAT","Brinker International, Inc.","US","NYSE","Hotels, Restaurants and Leisure","18.6%","43.3%","30.3%","17.8%","$504.40","$9,710.06","$32.30","8.8%","-1.1%","1.3%","-0.2%","6.3%","7.3%","$186.98","11.5%","23.4%","6.8%","0.0","0.9","$8,019.16","4.3%","12.0%","10.6%","2.0","1.4","69.3%","72.9%","18.1%","19.1%","25.6%"
"SSD","Simpson Manufacturing Co., Inc.","US","NYSE","Building Products","45.5%","10.9%","3.8%","5.3%","$358.13","$8,116.63","$21.44","15.0%","-1.2%","16.3%","6.4%","4.5%","5.2%","$193.88","-7.2%","17.7%","4.4%","0.1","1.7","$7,975.90","1.9%","3.4%","19.1%","0.3","1.4","7.0%","3.8%","11.2%","14.5%","13.2%"
"AGX","Argan, Inc.","US","NYSE","Construction and Engineering","20.7%","59.4%","40.2%","36.4%","$486.89","$7,011.85","$8.72","46.7%","1.5%","75.5%","13.6%","6.1%","1.2%","$568.92","-28.1%","74.5%","30.4%","0.0","1.9","$7,975.83","0.4%","31.5%","14.9%","-6.1","0.6","150.9%","78.4%","23.8%","25.6%","70.0%"
"KEX","Kirby Corporation","US","NYSE","Marine Transportation","33.9%","28.8%","14.5%","13.1%","$497.27","$9,082.20","$19.86","14.5%","-3.7%","3.2%","1.4%","6.3%","5.2%","$148.65","8.2%","32.8%","6.1%","0.1","2.1","$7,952.78","3.8%","5.4%","15.0%","1.4","0.9","22.8%","39.0%","13.3%","7.0%","20.4%"
"KNSL","Kinsale Capital Group, Inc.","US","NYSE","Insurance","31.1%","28.6%","39.5%","38.7%","$1,000.77","$7,965.97","$17.88","50.1%","-0.6%","9.3%","15.0%","12.6%","13.5%","$349.10","5.1%","-11.0%","3.1%","0.0","1.5","$7,951.95","3.0%","24.7%","36.3%","0.0","1.0","-2.5%","35.7%","6.0%","9.5%","14.6%"
"HQY","HealthEquity, Inc.","US","NasdaqGS","Health Care Providers and Services","70.7%","94.8%","21.3%","16.0%","$487.64","$8,631.00","$78.13","36.5%","-0.7%","5.8%","0.7%","6.2%","6.0%","$94.64","7.8%","3.9%","7.7%","0.0","2.0","$7,911.69","4.5%","14.1%","26.0%","1.4","0.2","14.3%","199.2%","15.6%","9.0%","5.0%"
"EDU","New Oriental Education & Technology Group Inc.","CN","NYSE","Diversified Consumer Services","55.0%","15.6%","28.4%","12.0%","$665.52","$4,172.68","$59.93","12.4%","-2.2%","12.6%","4.3%","8.5%","7.9%","$49.24","6.6%","-14.9%","13.1%","0.0","1.7","$7,836.34","5.9%","26.4%","11.3%","-5.1","0.3","-1.2%","122.0%","16.0%","8.9%","18.4%"
"FAF","First American Financial Corporation","US","NYSE","Insurance","64.0%","297.4%","9.4%","28.1%","$832.30","$7,858.17","$61.00","10.4%","-0.4%","26.3%","4.4%","10.9%","9.9%","$75.13","9.2%","23.0%","7.5%","0.0","0.6","$7,670.77","1.1%","6.5%","14.4%","0.1","1.3","10.2%","46.6%","9.6%","4.1%","6.5%"
"BIRK","Birkenstock Holding plc","GB","NYSE","Textiles, Apparel and Luxury Goods","57.8%","43.3%","14.8%","9.1%","$361.67","$8,831.28","","14.3%","","3.4%","-0.3%","4.8%","7.4%","$40.63","-6.4%","-2.7%","12.5%","0.0","2.4","$7,472.10","2.7%","17.5%","25.1%","1.9","1.1","","31.9%","15.0%","9.0%",""
"FSS","Federal Signal Corporation","US","NYSE","Machinery","29.0%","29.1%","23.0%","24.1%","$290.60","$7,763.96","$15.30","12.4%","0.0%","33.4%","8.0%","4.0%","4.8%","$118.89","-6.2%","6.7%","13.3%","0.0","1.5","$7,252.56","0.4%","16.3%","16.6%","1.1","1.3","25.2%","28.2%","13.1%","15.8%","26.1%"
"LEA","Lear Corporation","US","NYSE","Automobile Components","7.6%","16.2%","3.4%","1.9%","$732.40","$9,925.26","$66.20","3.1%","-5.3%","21.8%","-0.4%","10.2%","8.8%","$143.60","7.3%","21.1%","2.6%","0.0","0.9","$7,193.66","5.2%","3.0%","4.5%","1.5","1.3","0.7%","12.2%","14.8%","10.4%","-0.7%"
"AWI","Armstrong World Industries, Inc.","US","NYSE","Building Products","40.3%","13.0%","13.1%","9.3%","$238.60","$7,349.72","$21.20","14.5%","-1.5%","-6.4%","0.1%","3.5%","5.1%","$160.71","0.8%","-18.4%","8.1%","0.1","1.9","$6,858.92","2.6%","9.3%","19.3%","1.1","1.3","28.8%","16.4%","12.5%","14.4%","9.7%"
"LNTH","Lantheus Holdings, Inc.","US","NasdaqGM","Health Care Equipment and Supplies","60.5%","17.8%","13.1%","-5.0%","$377.11","$6,951.59","$80.41","24.4%","-1.6%","42.9%","6.5%","5.5%","6.4%","$104.82","-4.3%","55.8%","3.5%","0.0","-2.1","$6,824.42","4.5%","14.6%","18.6%","0.3","-0.1","7.1%","152.4%","1.7%","17.4%","33.1%"
"PAYC","Paycom Software, Inc.","US","NYSE","Professional Services","87.6%","22.0%","12.5%","11.5%","$445.80","$7,386.95","$110.60","21.3%","-6.9%","0.1%","1.2%","6.6%","7.9%","$145.35","14.3%","-4.6%","6.9%","0.1","0.9","$6,777.25","20.9%","12.4%","28.3%","0.9","0.8","-25.6%","17.2%","12.3%","10.2%","-17.9%"
"CHE","Chemed Corporation","US","NYSE","Health Care Providers and Services","32.4%","-10.8%","2.6%","-5.1%","$377.12","$6,976.89","$37.80","14.8%","-4.0%","6.6%","1.2%","5.6%","6.4%","$511.13","11.1%","20.6%","6.3%","0.0","2.2","$6,756.81","8.7%","5.5%","13.1%","0.6","0.5","-0.2%","4.8%","11.7%","17.9%","1.6%"
"MSA","MSA Safety Incorporated","US","NYSE","Commercial Services and Supplies","46.8%","2.2%","8.0%","4.5%","$309.48","$7,223.58","$16.38","16.1%","-0.6%","5.3%","2.7%","4.6%","5.3%","$174.64","1.5%","7.6%","6.9%","0.0","1.9","$6,741.82","1.9%","6.3%","22.7%","1.0","1.0","2.9%","261.5%","9.3%","16.1%","2.7%"
"CRUS","Cirrus Logic, Inc.","US","NasdaqGS","Semiconductors and Semiconductor Equipment","52.8%","30.8%","3.3%","5.8%","$636.61","$5,721.18","$81.81","31.9%","-2.7%","21.9%","1.4%","9.4%","6.1%","$133.61","-8.7%","11.6%","4.8%","0.0","-3.7","$6,740.99","4.7%","1.7%","23.0%","-2.0","1.1","19.0%","36.4%","9.8%","25.3%","9.9%"
"PCTY","Paylocity Holding Corporation","US","NasdaqGS","Professional Services","69.4%","16.5%","17.0%","12.3%","$486.96","$6,542.30","$141.79","28.2%","-1.4%","15.9%","2.6%","7.3%","7.6%","$125.27","18.5%","-14.0%","8.9%","0.0","2.1","$6,707.46","6.5%","16.4%","21.3%","-0.4","0.6","-17.7%","30.5%","7.8%","5.4%","-8.7%"
"MORN","Morningstar, Inc.","US","NasdaqGS","Capital Markets","61.7%","9.7%","12.5%","10.2%","$437.40","$7,938.32","$58.10","17.4%","-3.7%","19.5%","2.9%","6.7%","6.9%","$172.61","11.1%","-18.0%","6.5%","0.1","0.8","$6,564.02","15.2%","9.8%","21.8%","2.1","1.1","-8.5%","191.7%","14.7%","11.9%","-6.1%"
"IBP","Installed Building Products, Inc.","US","NYSE","Household Durables","33.9%","6.9%","4.8%","1.4%","$314.60","$6,796.16","$21.30","10.7%","-1.8%","18.0%","-1.3%","5.2%","4.0%","$227.43","0.0%","-15.0%","1.8%","0.0","-2.1","$6,089.86","2.8%","2.4%","12.8%","1.5","1.9","17.7%","3.9%","2.7%","18.4%","16.1%"
"VCTR","Victory Capital Holdings, Inc.","US","NasdaqGS","Capital Markets","56.3%","-1.5%","22.7%","58.7%","$421.93","$7,014.17","$56.12","28.6%","-2.2%","7.5%","6.3%","6.9%","","$97.20","17.8%","51.6%","14.0%","0.0","1.3","$6,078.02","5.7%","21.3%","44.4%","1.3","1.1","47.6%","7.7%","8.4%","15.8%","30.7%"
"ESNT","Essent Group Ltd.","BM","NYSE","Financial Services","79.1%","2.8%","0.1%","-3.2%","$818.57","$6,426.43","$19.19","64.0%","-4.9%","-7.8%","7.4%","13.5%","","$65.75","1.4%","1.7%","7.7%","0.0","2.0","$6,059.05","9.7%","8.8%","67.2%","0.4","0.9","12.1%","1.2%","6.0%","11.5%","10.9%"
"WEX","WEX Inc.","US","NYSE","Financial Services","73.2%","26.7%","4.1%","9.3%","$108.50","$5,259.08","$119.90","3.9%","-7.4%","1.3%","1.8%","1.8%","10.0%","$176.15","28.8%","18.7%","4.9%","0.1","0.7","$6,003.48","1.1%","4.2%","25.8%","-0.8","1.0","-2.7%","28.4%","12.3%","4.0%","-2.8%"
"URBN","Urban Outfitters, Inc.","US","NasdaqGS","Specialty Retail","36.1%","9.0%","15.4%","13.8%","$150.39","$6,570.61","$30.78","2.4%","-2.6%","13.3%","1.4%","2.5%","4.9%","$69.97","-2.1%","-7.1%","7.7%","0.1","0.9","$5,991.89","5.4%","9.2%","9.8%","0.8","1.2","26.0%","39.1%","9.1%","13.7%","14.0%"
"MYRG","MYR Group Inc.","US","NasdaqGS","Construction and Engineering","12.1%","328.0%","9.9%","53.3%","$230.59","$5,802.40","$15.89","6.0%","-2.3%","45.7%","7.2%","3.9%","2.6%","$379.17","-24.3%","67.2%","12.1%","0.0","0.8","$5,904.07","0.1%","6.3%","5.1%","-0.4","1.2","38.1%","21.4%","19.8%","12.1%","32.5%"
"APPF","AppFolio, Inc.","US","NasdaqGM","Software","63.5%","-20.9%","27.7%","19.9%","$270.02","$5,659.66","$74.58","25.9%","-0.1%","9.2%","1.4%","4.6%","4.8%","$165.05","5.4%","-28.4%","17.7%","0.0","1.2","$5,845.57","2.8%","25.0%","17.5%","-1.0","0.8","-2.1%","25.7%","24.7%","39.9%","4.2%"
"ROAD","Construction Partners, Inc.","US","NasdaqGS","Construction and Engineering","15.7%","100.9%","50.3%","62.1%","$191.35","$7,608.08","$40.53","5.9%","2.3%","53.4%","13.4%","3.3%","3.4%","$103.29","-15.9%","-7.9%","19.3%","0.0","1.3","$5,839.47","0.5%","31.3%","9.4%","3.7","0.9","53.6%","75.8%","28.3%","8.7%","26.1%"
"ACIW","ACI Worldwide, Inc.","US","NasdaqGS","Software","49.0%","-21.7%","8.9%","2.3%","$295.12","$6,417.79","$75.96","16.5%","-2.1%","-10.7%","3.8%","5.2%","6.2%","$56.31","13.7%","23.3%","7.8%","0.0","1.2","$5,724.56","4.7%","8.9%","19.2%","1.8","1.1","35.3%","33.2%","15.7%","8.6%","10.5%"
"TAL","TAL Education Group","CN","NYSE","Diversified Consumer Services","55.4%","570.6%","41.9%","38.8%","$508.28","$2,860.31","$43.09","16.9%","-4.6%","186.4%","2.6%","8.9%","8.6%","$10.30","8.6%","-10.4%","20.7%","0.0","-0.9","$5,712.91","11.3%","43.4%","9.2%","-8.1","0.1","17.0%","62.6%","2.3%","7.8%","13.3%"
"PATH","UiPath, Inc.","US","NYSE","Software","83.1%","-596.7%","14.5%","15.8%","$375.23","$4,283.68","$267.63","22.4%","-2.6%","18.1%","5.3%","6.7%","7.3%","$10.84","2.9%","-31.7%","9.4%","0.0","2.0","$5,616.42","6.9%","14.9%","6.3%","-10.8","1.1","-13.5%","12.0%","11.6%","15.3%","-29.0%"
"PSMT","PriceSmart, Inc.","US","NasdaqGS","Consumer Staples Distribution and Retail","17.6%","9.6%","10.6%","12.2%","$73.74","$5,617.56","$21.15","1.3%","-0.6%","7.3%","2.0%","1.3%","","$186.24","-4.9%","51.0%","10.8%","0.0","2.3","$5,605.74","0.2%","9.7%","4.6%","0.0","","35.9%","11.4%","20.9%","12.5%","18.2%"
"CPA","Copa Holdings, S.A.","PA","NYSE","Passenger Airlines","41.4%","17.2%","7.9%","9.4%","$130.24","$6,658.78","$5.69","3.5%","1.2%","-5.7%","1.9%","2.3%","7.3%","$136.28","-12.4%","11.9%","12.5%","0.3","2.3","$5,575.12","0.9%","5.0%","22.9%","0.9","0.9","10.9%","19.1%","9.3%","12.7%","18.0%"
"VAL","Valaris Limited","BM","NYSE","Energy Equipment and Services","28.3%","232.6%","29.9%","-14.0%","$121.10","$6,084.39","$26.00","5.5%","-2.7%","-25.5%","4.0%","2.2%","-0.6%","$79.53","4.2%","52.5%","2.2%","0.2","-0.3","$5,507.59","1.9%","8.9%","16.3%","1.1","1.2","2.3%","60.7%","26.1%","22.2%","24.4%"
"G","Genpact Limited","BM","NYSE","Professional Services","36.3%","10.8%","6.9%","8.8%","$668.73","$6,126.53","$91.85","13.0%","-2.7%","3.8%","0.5%","12.6%","12.1%","$31.26","12.2%","-31.9%","7.2%","0.0","0.8","$5,298.77","5.2%","5.5%","15.0%","1.0","0.8","-4.0%","18.9%","10.3%","14.9%","-7.4%"
"OII","Oceaneering International, Inc.","US","NYSE","Energy Equipment and Services","19.8%","75.1%","16.0%","2.3%","$223.24","$5,438.51","$17.83","7.8%","-0.4%","-8.3%","4.5%","4.3%","2.6%","$52.73","33.4%","112.2%","5.5%","0.0","-9.9","$5,248.20","0.7%","8.8%","10.4%","0.5","1.3","35.8%","76.2%","3.4%","24.4%","32.4%"
"REZI","Resideo Technologies, Inc.","US","NYSE","Building Products","29.4%","-1,278.3%","8.6%","11.1%","-$1,338.00","$8,788.26","$56.00","-17.6%","1.0%","-4.5%","2.2%","-25.6%","6.9%","$34.54","14.4%","-1.8%","3.5%","0.0","-0.1","$5,230.26","0.9%","5.9%","8.7%","3.6","1.7","23.2%","27.9%","8.1%","12.5%","3.7%"
"LAUR","Laureate Education, Inc.","US","NasdaqGS","Diversified Consumer Services","37.0%","-0.2%","11.4%","13.5%","$263.59","$5,745.38","$13.50","15.2%","-3.8%","45.3%","2.9%","5.1%","7.0%","$37.00","-0.3%","11.1%","9.5%","0.1","1.6","$5,179.20","5.6%","10.6%","24.0%","1.1","0.7","46.0%","52.8%","14.5%","14.6%","40.7%"
"HRB","H&R Block, Inc.","US","NYSE","Diversified Consumer Services","44.3%","39.1%","4.3%","4.8%","$760.88","$6,334.37","$29.26","19.5%","-5.9%","-2.8%","2.7%","14.7%","","$40.83","6.8%","-4.2%","3.9%","0.0","0.7","$5,175.62","8.0%","3.9%","23.1%","1.1","0.3","10.8%","23.8%","9.4%","26.9%","14.5%"
"SEZL","Sezzle Inc.","US","NasdaqCM","Financial Services","74.3%","40.8%","93.9%","63.6%","$245.43","$5,199.58","$6.57","51.0%","","26.0%","4.9%","4.7%","-0.6%","$153.89","-9.8%","136.2%","28.9%","0.0","0.9","$5,174.86","1.6%","53.6%","59.5%","0.1","8.7","","153.8%","28.1%","116.5%",""
"DAVE","Dave Inc.","US","NasdaqGM","Consumer Finance","72.1%","321.7%","79.3%","105.1%","$326.50","$5,209.68","$29.48","54.0%","2.0%","-1.6%","3.1%","6.4%","9.4%","$402.81","15.5%","83.5%","24.8%","0.0","1.4","$5,121.43","4.5%","39.8%","35.8%","0.4","3.9","314.8%","18.4%","15.2%","87.8%","5.0%"
"BCO","The Brink's Company","US","NYSE","Commercial Services and Supplies","26.1%","15.3%","8.4%","11.0%","$544.10","$8,074.29","$27.40","10.1%","-3.9%","2.7%","0.9%","10.8%","13.5%","$122.00","32.4%","4.8%","5.7%","0.0","1.9","$5,024.09","4.3%","5.1%","10.6%","3.3","1.1","21.1%","21.3%","14.5%","7.2%","11.7%"
"FTDR","Frontdoor, Inc.","US","NasdaqGS","Diversified Consumer Services","55.2%","14.2%","16.7%","13.4%","$386.00","$5,617.09","$36.00","18.2%","-4.9%","74.1%","2.0%","7.7%","8.9%","$71.49","-6.0%","25.3%","5.2%","0.0","1.8","$5,021.09","5.4%","8.1%","19.5%","1.2","1.3","27.8%","46.7%","10.1%","17.1%","7.8%"
"GHC","Graham Holdings Company","US","NYSE","Diversified Consumer Services","30.2%","-52.2%","5.7%","1.5%","$293.33","$5,294.81","$5.67","5.9%","-3.2%","-18.5%","-1.7%","5.9%","6.7%","$1,154.88","0.2%","6.2%","5.0%","0.0","0.5","$4,974.17","0.7%","7.2%","8.1%","0.5","0.8","27.1%","139.6%","13.2%","4.2%","13.4%"
"INDV","Indivior Pharmaceuticals, Inc.","US","NasdaqGS","Pharmaceuticals","85.0%","-3,452.4%","11.7%","12.5%","-$192.00","$5,274.89","$29.00","-14.9%","-4.0%","21.7%","16.2%","-3.9%","9.1%","$40.53","-1.8%","13.4%","2.9%","0.1","0.4","$4,940.89","3.0%","10.9%","36.1%","0.7","1.1","20.0%","75.1%","16.7%","65.1%","31.9%"
"GNTX","Gentex Corporation","US","NasdaqGS","Automobile Components","35.1%","6.1%","11.3%","15.3%","$466.30","$4,636.62","$36.65","17.7%","-3.1%","6.1%","-2.7%","9.2%","7.5%","$22.90","-8.4%","-3.3%","5.5%","0.0","0.8","$4,876.60","6.0%","7.4%","19.8%","-0.4","0.8","-8.7%","6.4%","10.1%","17.0%","-5.4%"
"IRDM","Iridium Communications Inc.","US","NasdaqGS","Diversified Telecommunication Services","71.9%","-13.4%","4.8%","3.4%","$288.32","$6,455.85","$49.48","32.6%","-5.4%","-26.9%","2.2%","5.9%","7.4%","$45.78","-16.1%","157.8%","8.2%","0.1","-5.6","$4,850.87","1.4%","4.4%","23.8%","3.8","0.6","-2.4%","75.9%","15.7%","6.7%","2.8%"
"CSW","CSW Industrials, Inc.","US","NYSE","Building Products","42.0%","-20.0%","12.7%","15.7%","$132.40","$5,641.76","$14.93","12.2%","1.6%","-24.3%","3.3%","2.8%","4.5%","$289.18","7.0%","-2.0%","10.4%","0.0","2.7","$4,712.55","2.8%","12.6%","17.4%","3.6","0.8","18.2%","2.6%","18.0%","9.2%","20.9%"
"PRIM","Primoris Services Corporation","US","NYSE","Construction and Engineering","10.4%","20.2%","15.8%","4.9%","$164.50","$5,260.09","$23.30","2.2%","0.6%","11.5%","-9.8%","3.5%","2.6%","$86.51","-11.0%","-33.8%","4.1%","0.0","-0.3","$4,693.59","0.4%","15.2%","5.0%","1.2","1.4","40.8%","21.7%","9.5%","9.1%","25.8%"
"MMYT","MakeMyTrip Limited","IN","NasdaqGS","Hotels, Restaurants and Leisure","58.6%","-56.6%","29.2%","12.4%","$182.54","$5,320.92","$36.02","17.5%","-3.7%","23.1%","2.3%","3.9%","7.5%","$49.23","-8.6%","-39.9%","11.0%","0.0","2.6","$4,670.31","32.3%","20.7%","14.9%","3.5","0.7","20.5%","51.6%","14.6%","9.9%","11.5%"
"BOOT","Boot Barn Holdings, Inc.","US","NYSE","Specialty Retail","38.1%","25.0%","12.0%","19.7%","$126.34","$5,181.59","$16.10","5.6%","0.4%","-7.2%","1.4%","2.8%","3.5%","$149.98","-8.9%","-19.6%","14.3%","0.1","1.3","$4,549.15","1.2%","10.8%","13.3%","1.7","1.6","16.7%","9.4%","20.2%","11.8%","12.4%"
"AZZ","AZZ Inc.","US","NYSE","Building Products","23.8%","-23.9%","6.2%","2.9%","$169.19","$5,046.48","$13.53","10.1%","6.3%","9.9%","3.2%","3.8%","4.6%","$149.90","-1.5%","36.6%","7.3%","0.0","1.6","$4,504.72","0.6%","3.6%","16.4%","1.5","","51.5%","39.3%","11.0%","10.5%","24.8%"
"SRAD","Sportradar Group AG","CH","NasdaqGS","Hotels, Restaurants and Leisure","26.8%","19.2%","4.6%","26.9%","$466.70","$4,155.04","$66.32","30.5%","1.6%","-118.8%","-4.2%","10.5%","6.2%","$14.29","-5.4%","-38.7%","17.3%","0.0","2.1","$4,455.01","4.7%","19.8%","13.1%","-0.5","2.0","-0.8%","92.9%","40.8%","6.8%",""
"BRC","Brady Corporation","US","NYSE","Commercial Services and Supplies","51.4%","8.5%","9.0%","12.4%","$181.34","$4,365.18","$13.73","11.2%","-1.6%","1.7%","7.2%","4.1%","6.9%","$94.50","5.3%","20.2%","29.3%","0.0","1.5","$4,452.16","0.6%","7.4%","17.9%","-0.3","0.7","24.7%","9.8%","12.2%","16.7%","13.8%"
"KNF","Knife River Corporation","US","NYSE","Construction Materials","18.2%","-19.3%","17.1%","5.5%","-$5.20","$5,899.83","$11.45","-0.2%","0.1%","27.0%","5.1%","-0.1%","-1.6%","$78.06","-16.0%","7.3%","7.3%","0.1","1.5","$4,430.21","0.1%","8.1%","9.0%","3.0","0.6","21.5%","16.5%","20.2%","6.6%",""
"PEGA","Pegasystems Inc.","US","NasdaqGS","Software","75.6%","53.0%","12.9%","3.7%","$492.50","$4,119.45","$159.13","28.4%","-0.4%","-33.6%","-1.8%","11.2%","7.8%","$26.82","-11.8%","-52.2%","8.7%","0.0","0.9","$4,409.34","11.7%","10.4%","11.3%","-1.4","1.1","3.1%","32.8%","20.3%","33.2%","-16.6%"
"ATAT","Atour Lifestyle Holdings Limited","CN","NasdaqGS","Hotels, Restaurants and Leisure","44.2%","45.7%","72.5%","41.3%","$320.80","$3,753.96","$19.06","20.7%","1.6%","10.1%","4.6%","7.3%","6.4%","$31.95","-0.6%","-19.9%","23.5%","0.0","0.8","$4,391.86","2.3%","60.5%","25.0%","-1.6","0.8","21.3%","151.3%","19.6%","62.7%",""
"ATMU","Atmus Filtration Technologies Inc.","US","NYSE","Machinery","29.4%","14.9%","11.3%","16.3%","$158.00","$5,223.88","$13.50","8.7%","-0.7%","16.4%","0.7%","3.6%","4.1%","$53.56","-0.6%","2.2%","9.1%","0.0","2.7","$4,374.38","1.6%","4.5%","16.4%","2.5","1.6","30.6%","4.1%","8.6%","22.8%",""
"EXLS","ExlService Holdings, Inc.","US","NasdaqGS","Professional Services","38.5%","18.8%","15.2%","15.1%","$296.60","$4,494.43","$82.38","13.8%","-2.7%","8.4%","2.3%","7.0%","6.0%","$27.67","8.2%","-32.9%","11.3%","0.0","1.2","$4,227.50","11.1%","13.3%","15.1%","0.7","0.9","-1.6%","18.8%","13.0%","20.9%","5.3%"
"FHI","Federated Hermes, Inc.","US","NYSE","Capital Markets","68.3%","45.0%","8.7%","14.0%","$305.26","$4,058.82","$30.29","16.4%","-5.2%","14.3%","1.0%","7.3%","8.0%","$57.92","2.6%","10.6%","7.3%","0.0","2.2","$4,195.21","4.9%","7.3%","27.4%","-0.4","0.7","22.3%","22.1%","6.8%","27.2%","16.8%"
"CNS","Cohen & Steers, Inc.","US","NYSE","Capital Markets","47.3%","3.3%","2.6%","7.0%","-$67.76","$4,168.84","$45.96","-11.9%","1.5%","-3.7%","1.1%","-1.7%","4.7%","$81.35","7.9%","28.0%","9.5%","0.0","1.8","$4,181.85","0.5%","4.5%","32.9%","-0.6","","11.0%","3.6%","10.1%","23.3%","3.3%"
"ANF","Abercrombie & Fitch Co.","US","NYSE","Specialty Retail","61.7%","2.6%","14.6%","2.5%","$416.05","$4,855.20","$40.53","7.9%","-3.9%","2.7%","-0.7%","10.0%","11.7%","$93.81","4.9%","-24.2%","3.5%","0.0","1.2","$4,168.14","9.5%","12.4%","12.6%","0.8","1.2","34.1%","148.0%","9.6%","21.9%","19.4%"
"MAT","Mattel, Inc.","US","NasdaqGS","Leisure Products","48.1%","0.8%","3.6%","-6.0%","$334.59","$5,976.72","$72.80","6.2%","-6.4%","-4.1%","6.6%","8.0%","6.8%","$14.34","4.7%","-28.4%","5.6%","0.0","-1.6","$4,167.20","15.7%","1.1%","10.0%","2.5","0.7","-12.3%","28.5%","5.2%","11.0%","-6.9%"
"MKTX","MarketAxess Holdings Inc.","US","NasdaqGS","Capital Markets","62.1%","46.6%","3.1%","6.8%","$270.65","$3,974.94","$32.74","31.1%","-1.9%","2.4%","0.6%","6.5%","6.4%","$116.69","6.1%","-34.6%","6.1%","0.0","1.9","$4,147.10","9.6%","5.8%","41.4%","-0.4","1.0","-23.3%","7.0%","11.0%","19.9%","-23.3%"
"GEO","The GEO Group, Inc.","US","NYSE","Commercial Services and Supplies","25.5%","934.5%","-1.2%","9.4%","-$30.60","$5,633.41","$24.87","-1.1%","2.4%","8.7%","2.4%","-0.8%","14.1%","$30.92","5.0%","94.1%","11.0%","0.1","-0.5","$4,055.41","3.6%","3.9%","11.9%","3.4","0.7","61.4%","21.7%","43.9%","7.3%","35.3%"
"SKYW","SkyWest, Inc.","US","NasdaqGS","Passenger Airlines","30.9%","2.7%","19.6%","0.8%","$315.17","$5,807.67","$18.73","7.5%","-4.4%","15.4%","-1.2%","7.8%","9.5%","$103.65","5.0%","2.4%","5.9%","0.2","1.9","$4,024.56","6.2%","13.2%","14.0%","1.9","1.6","37.8%","346.4%","7.6%","6.5%","20.9%"
"DORM","Dorman Products, Inc.","US","NasdaqGS","Automobile Components","40.9%","-11.0%","15.2%","5.7%","$70.72","$4,515.45","$20.11","3.3%","-1.7%","2.4%","0.8%","1.8%","5.8%","$134.20","1.2%","8.1%","6.3%","0.0","-3.2","$4,010.27","2.0%","6.1%","15.5%","1.3","0.9","17.4%","28.5%","2.0%","12.7%","5.8%"
"OLLI","Ollie's Bargain Outlet Holdings, Inc.","US","NasdaqGM","Broadline Retail","40.7%","24.3%","17.0%","18.0%","$212.73","$4,469.39","$13.30","7.8%","-0.7%","-1.1%","-0.4%","5.3%","4.1%","$66.31","-8.3%","-40.4%","11.6%","0.0","1.1","$4,008.66","2.6%","13.3%","11.4%","1.3","0.4","-3.0%","27.7%","15.1%","10.1%","-6.0%"
"BFAM","Bright Horizons Family Solutions Inc.","US","NYSE","Diversified Consumer Services","25.2%","20.3%","21.3%","12.2%","$275.20","$5,724.22","$29.88","9.2%","-3.1%","2.5%","-0.2%","6.9%","7.0%","$75.77","6.9%","-23.7%","5.9%","0.0","2.2","$3,986.01","11.0%","12.1%","12.3%","3.8","1.4","-7.0%","41.2%","12.3%","6.5%","-13.1%"
"CVSA","Covista Inc.","US","NYSE","Diversified Consumer Services","57.3%","6.7%","11.0%","10.9%","$336.28","$4,531.45","$41.51","17.6%","-7.9%","11.1%","2.7%","8.5%","7.8%","$115.84","-6.5%","10.9%","7.6%","0.0","0.8","$3,942.14","8.8%","9.7%","19.4%","1.4","0.7","39.4%","55.7%","14.6%","10.8%","26.9%"
"IPAR","Interparfums, Inc.","US","NasdaqGS","Personal Care Products","59.2%","1.9%","9.7%","0.1%","$198.01","$4,101.37","$1.43","13.2%","0.0%","12.8%","-2.2%","5.0%","6.5%","$122.55","11.4%","43.4%","4.2%","0.0","-3.2","$3,924.76","0.3%","9.2%","18.0%","-0.2","1.3","-3.9%","6.5%","3.1%","19.6%","12.8%"
"MWA","Mueller Water Products, Inc.","US","NYSE","Machinery","37.6%","43.5%","13.6%","15.2%","$141.20","$3,947.87","$13.30","9.6%","0.0%","10.1%","1.0%","3.6%","4.8%","$25.03","-4.1%","4.6%","4.1%","0.0","1.5","$3,916.47","0.4%","3.7%","20.0%","0.1","1.2","18.0%","39.1%","8.8%","18.1%","13.0%"
"YETI","YETI Holdings, Inc.","US","NYSE","Leisure Products","57.0%","-4.6%","12.0%","1.0%","$257.50","$3,913.54","$46.95","13.6%","-4.4%","4.1%","1.5%","6.7%","6.1%","$50.38","0.3%","12.4%","7.4%","0.0","1.6","$3,816.70","8.1%","5.8%","10.8%","0.4","1.8","6.8%","32.3%","14.5%","19.4%","-12.1%"
"COCO","The Vita Coco Company, Inc.","US","NasdaqGS","Beverages","41.1%","69.1%","27.6%","43.6%","$124.44","$3,521.91","$13.91","17.6%","0.6%","62.1%","2.6%","3.3%","2.6%","$65.97","-10.5%","23.4%","24.5%","0.0","0.6","$3,786.49","0.3%","14.9%","19.1%","-1.9","0.4","36.7%","53.1%","20.5%","72.9%",""
"OLED","Universal Display Corporation","US","NasdaqGS","Semiconductors and Semiconductor Equipment","74.2%","-6.6%","0.4%","-5.2%","$237.13","$3,211.65","$28.71","37.8%","-0.4%","10.2%","-11.5%","6.4%","5.3%","$79.27","-8.1%","-34.9%","3.5%","0.1","-1.1","$3,705.94","2.9%","1.6%","35.4%","-1.8","1.6","-16.9%","2.4%","2.6%","14.3%","-17.1%"
"LOPE","Grand Canyon Education, Inc.","US","NasdaqGS","Diversified Consumer Services","53.3%","0.1%","7.2%","8.5%","$260.04","$3,521.75","$13.61","23.1%","-4.7%","0.5%","0.4%","7.1%","5.7%","$139.94","-1.3%","-15.4%","5.6%","0.0","1.6","$3,669.27","8.6%","7.1%","27.6%","-0.4","0.8","9.3%","10.0%","11.2%","37.3%","9.1%"
"BMI","Badger Meter, Inc.","US","NYSE","Electronic Equipment, Instruments and Components","41.3%","-6.9%","13.8%","1.1%","$150.30","$3,589.36","$10.13","17.1%","-0.4%","-24.0%","0.6%","4.1%","3.0%","$126.32","-8.9%","-28.4%","3.8%","0.0","-4.4","$3,661.62","2.1%","11.8%","18.6%","-0.4","0.9","-7.4%","17.7%","1.7%","15.0%","6.0%"
"PLMR","Palomar Holdings, Inc.","US","NasdaqGS","Insurance","28.7%","42.9%","49.0%","49.3%","$368.86","$3,886.77","$21.01","37.6%","2.2%","7.1%","5.9%","10.1%","8.7%","$137.56","8.9%","4.4%","34.3%","0.0","0.7","$3,645.87","1.6%","42.6%","26.2%","0.9","0.5","31.4%","49.7%","18.8%","6.9%","11.8%"
"PAY","Paymentus Holdings, Inc.","US","NYSE","Financial Services","24.7%","42.5%","26.9%","25.9%","$141.76","$3,299.38","$21.28","11.1%","0.7%","22.9%","6.7%","3.9%","3.2%","$28.87","23.2%","1.4%","19.0%","0.0","2.0","$3,631.54","0.3%","34.3%","6.8%","-3.6","1.5","38.0%","257.8%","23.0%","24.5%","0.4%"
"OSIS","OSI Systems, Inc.","US","NasdaqGS","Electronic Equipment, Instruments and Components","32.8%","6.1%","13.1%","3.5%","$66.97","$4,271.82","$29.30","3.7%","-0.5%","2.3%","0.9%","1.9%","4.8%","$216.70","1.6%","-15.2%","6.4%","0.0","2.2","$3,571.84","4.9%","14.5%","12.5%","2.6","1.3","22.5%","21.8%","11.0%","10.0%","17.1%"
"VEON","VEON Ltd.","AE","NasdaqGS","Wireless Telecommunication Services","88.0%","14.7%","8.0%","13.0%","$524.00","$7,167.00","","11.5%","-0.4%","-121.7%","3.2%","14.8%","28.9%","$51.01","-1.8%","-3.2%","10.0%","0.2","0.2","$3,532.00","3.1%","7.6%","27.9%","1.8","1.6","41.9%","18.0%","35.8%","11.1%","4.0%"
"OPCH","Option Care Health, Inc.","US","NasdaqGS","Health Care Providers and Services","19.2%","2.4%","6.7%","4.8%","$212.57","$4,489.54","$41.35","3.8%","-4.4%","-1.7%","-3.3%","6.2%","7.1%","$21.66","1.6%","-32.8%","4.0%","0.0","1.2","$3,401.22","7.1%","11.9%","5.8%","2.7","0.8","-13.9%","13.8%","11.2%","9.8%","1.1%"
"ITGR","Integer Holdings Corporation","US","NYSE","Health Care Equipment and Supplies","26.8%","82.2%","9.8%","5.1%","$99.80","$4,721.97","$23.01","5.4%","0.6%","3.6%","3.2%","3.0%","3.5%","$98.62","8.1%","28.4%","1.9%","0.0","-5.0","$3,348.63","3.2%","8.7%","12.2%","3.8","0.8","1.9%","24.8%","6.3%","6.5%","0.6%"
"NMIH","NMI Holdings, Inc.","US","NasdaqGM","Financial Services","76.0%","6.3%","9.0%","1.1%","$428.06","$3,602.73","$20.37","59.7%","-3.0%","0.8%","0.3%","13.2%","","$42.75","3.7%","5.3%","5.1%","0.0","2.1","$3,247.80","3.7%","10.4%","72.8%","0.7","0.7","16.3%","12.0%","5.6%","12.3%","15.2%"
"HAYW","Hayward Holdings, Inc.","US","NYSE","Building Products","48.1%","30.4%","3.1%","12.5%","$77.27","$3,908.09","$14.08","6.7%","0.6%","17.3%","6.7%","2.5%","6.3%","$14.43","-15.1%","-8.5%","5.1%","0.0","2.2","$3,130.78","0.4%","1.0%","21.3%","2.6","1.1","2.6%","12.4%","10.9%","7.6%","-9.9%"
"CXW","CoreCivic, Inc.","US","NYSE","Commercial Services and Supplies","23.6%","60.1%","9.0%","20.1%","$26.11","$4,313.84","$27.65","1.1%","-4.5%","30.6%","1.1%","0.8%","","$31.35","3.5%","64.8%","10.0%","0.1","0.5","$3,100.15","7.5%","8.1%","10.5%","3.2","0.7","49.4%","7.5%","37.0%","6.4%","25.3%"
"EEFT","Euronet Worldwide, Inc.","US","NasdaqGS","Financial Services","24.3%","0.0%","-5.1%","8.5%","$305.50","$3,639.24","$58.70","7.0%","-8.5%","8.5%","4.8%","10.1%","","$79.31","9.6%","7.0%","6.1%","0.0","0.9","$3,019.74","23.2%","8.2%","12.0%","0.9","","-4.0%","13.8%","12.6%","8.1%","-10.1%"
"EXPO","Exponent, Inc.","US","NasdaqGS","Professional Services","35.1%","4.8%","-0.2%","-4.7%","$113.39","$2,943.04","$24.67","20.6%","-1.5%","3.6%","-0.8%","3.8%","6.4%","$61.44","2.9%","-12.4%","9.9%","0.0","1.5","$2,980.55","6.0%","5.1%","21.2%","-0.3","0.8","-11.9%","3.0%","14.6%","19.6%","-7.4%"
"DHT","DHT Holdings, Inc.","BM","NYSE","Oil, Gas and Consumable Fuels","70.8%","87.4%","20.0%","52.1%","-$130.94","$3,356.48","$3.52","-19.9%","-0.4%","1.5%","1.8%","-4.4%","14.4%","$18.45","8.0%","57.2%","18.2%","0.7","0.0","$2,971.22","0.6%","7.6%","52.0%","0.9","-0.1","37.3%","43.2%","25.7%","22.8%","35.7%"
"AAMI","Acadian Asset Management Inc.","US","NYSE","Capital Markets","41.2%","-2.1%","2.4%","0.7%","-$11.80","$3,119.07","$71.70","-1.9%","-4.9%","3.4%","7.1%","-0.4%","","$80.88","13.6%","70.7%","28.7%","0.0","0.6","$2,881.67","1.3%","15.5%","23.1%","1.4","1.3","55.8%","4.1%","31.0%","20.7%","27.5%"
"AEO","American Eagle Outfitters, Inc.","US","NYSE","Specialty Retail","38.2%","56.2%","6.8%","10.9%","$185.03","$4,619.03","$40.91","3.3%","-5.3%","17.8%","0.9%","6.5%","10.6%","$17.00","0.3%","-35.5%","4.4%","0.0","0.6","$2,848.75","3.2%","4.1%","7.6%","2.7","1.4","10.8%","41.3%","14.7%","9.2%","-10.9%"
"PENG","Penguin Solutions, Inc.","US","NasdaqGS","Semiconductors and Semiconductor Equipment","27.9%","-595.8%","4.2%","8.7%","-$69.43","$3,045.16","$33.01","-4.6%","0.8%","23.1%","13.6%","-2.5%","13.7%","$53.85","-13.5%","165.5%","26.7%","0.0","1.0","$2,759.42","2.2%","9.7%","8.2%","0.4","","26.3%","36.2%","17.5%","11.5%","19.1%"
"KMT","Kennametal Inc.","US","NYSE","Machinery","32.1%","28.7%","2.3%","9.8%","$73.13","$3,281.24","$29.80","3.4%","-1.7%","24.3%","4.3%","2.7%","7.0%","$35.23","1.2%","21.5%","17.2%","0.0","0.1","$2,684.88","0.6%","1.3%","9.9%","1.6","1.5","9.8%","5.6%","38.3%","7.1%","3.0%"
"OSW","OneSpaWorld Holdings Limited","BS","NasdaqCM","Diversified Consumer Services","13.2%","18.9%","26.1%","12.0%","$64.79","$2,745.14","$9.09","6.6%","0.7%","5.2%","1.5%","2.4%","7.4%","$26.29","-6.8%","27.4%","7.9%","0.0","2.4","$2,668.83","1.4%","15.5%","9.5%","0.6","1.1","29.7%","24.4%","14.8%","14.1%","23.5%"
"KALU","Kaiser Aluminum Corporation","US","NasdaqGS","Metals and Mining","14.5%","201.4%","28.8%","61.5%","$87.00","$3,653.55","$20.40","2.1%","0.6%","90.5%","16.8%","3.3%","8.2%","$163.17","-12.4%","35.6%","13.4%","0.0","0.1","$2,643.15","0.4%","9.5%","8.1%","2.2","1.5","32.1%","176.2%","31.3%","11.7%","10.6%"
"GRND","Grindr Inc.","US","NYSE","Interactive Media and Services","74.7%","-177.2%","32.5%","31.2%","$150.54","$3,010.40","$58.58","31.6%","0.7%","-11.9%","8.8%","5.7%","6.7%","$14.85","2.8%","11.6%","19.6%","0.0","1.0","$2,639.23","18.4%","31.9%","31.4%","2.4","0.2","37.2%","25.9%","27.3%","27.2%","8.2%"
"DXPE","DXP Enterprises, Inc.","US","NasdaqGS","Trading Companies and Distributors","31.7%","11.3%","13.1%","12.3%","$97.19","$3,308.12","$6.19","4.7%","-3.8%","6.9%","-1.9%","3.7%","2.0%","$168.94","3.7%","56.8%","7.1%","0.0","2.4","$2,619.47","1.1%","9.1%","8.8%","3.1","1.0","65.5%","24.7%","15.7%","11.0%","39.2%"
"STNE","StoneCo Ltd.","KY","NasdaqGS","Financial Services","73.6%","-383.4%","13.0%","9.2%","$631.66","$3,811.15","$62.02","24.2%","-8.1%","7.1%","1.7%","24.1%","17.8%","$10.76","-1.2%","-26.8%","5.7%","0.0","0.5","$2,617.14","19.7%","12.0%","47.7%","0.9","1.8","-0.6%","493.1%","15.3%","18.5%","-25.2%"
"VVX","V2X, Inc.","US","NYSE","Aerospace and Defense","8.5%","117.6%","6.0%","14.3%","$136.03","$3,532.90","$13.08","2.9%","0.3%","16.5%","11.4%","5.2%","8.5%","$83.57","17.7%","50.4%","7.5%","0.0","1.9","$2,616.62","1.3%","11.8%","4.3%","2.9","0.1","18.6%","27.6%","12.3%","6.9%","13.6%"
"SKWD","Skyward Specialty Insurance Group, Inc.","US","NasdaqGS","Insurance","30.7%","39.3%","39.0%","42.1%","$422.60","$2,681.32","$11.96","27.0%","2.5%","14.9%","17.1%","17.2%","6.9%","$60.46","0.4%","24.4%","21.7%","0.0","0.7","$2,451.23","0.3%","32.0%","16.3%","0.9","0.5","34.9%","53.7%","16.8%","4.7%",""
"BLBD","Blue Bird Corporation","US","NasdaqGM","Machinery","21.0%","26.6%","73.4%","20.8%","$183.80","$2,223.56","$8.87","12.3%","-0.5%","24.8%","5.2%","7.6%","2.5%","$76.20","-2.7%","63.0%","16.3%","0.0","1.5","$2,411.47","1.4%","14.3%","11.9%","-1.0","1.4","55.1%","56.8%","6.8%","49.2%","25.2%"
"IMAX","IMAX Corporation","CA","NYSE","Entertainment","59.7%","22.0%","9.5%","19.6%","$104.11","$2,596.31","$27.23","25.0%","0.1%","22.9%","9.7%","4.4%","5.2%","$43.38","7.2%","20.4%","7.2%","0.1","2.2","$2,379.05","0.6%","5.8%","22.8%","0.9","0.4","32.1%","107.7%","16.1%","11.1%","20.8%"
"PLUS","ePlus inc.","US","NasdaqGS","Electronic Equipment, Instruments and Components","25.2%","28.2%","7.2%","20.3%","-$120.66","$2,030.78","$12.13","-4.9%","-1.3%","43.6%","1.2%","-5.2%","3.5%","$89.02","10.6%","2.7%","5.0%","0.0","-17.0","$2,305.56","1.2%","5.7%","6.8%","-1.4","1.0","15.5%","4.0%","9.0%","10.8%","14.6%"
"RAMP","LiveRamp Holdings, Inc.","US","NYSE","Software","70.7%","-15,634.0%","10.5%","8.5%","$167.56","$1,932.34","$82.99","20.6%","-3.1%","12.8%","0.3%","7.3%","9.1%","$37.67","0.6%","37.4%","9.4%","0.0","0.7","$2,289.82","8.7%","10.9%","10.9%","-3.5","1.2","11.3%","7.9%","26.7%","19.3%","-1.2%"
"CALX","Calix, Inc.","US","NYSE","Communications Equipment","56.6%","-278.4%","7.4%","30.3%","$85.42","$2,086.38","$79.87","7.7%","-1.7%","6.7%","1.2%","3.8%","4.4%","$36.00","-0.1%","-32.8%","17.4%","0.0","1.8","$2,266.70","8.4%","3.9%","5.5%","-2.3","1.6","-7.6%","4.7%","36.2%","7.5%","-4.1%"
"SPSC","SPS Commerce, Inc.","US","NasdaqGS","Software","69.3%","12.5%","19.3%","16.4%","$166.92","$2,097.70","$57.93","21.9%","0.1%","13.1%","-0.3%","7.4%","8.9%","$61.16","6.0%","-30.4%","6.4%","0.0","2.3","$2,245.35","4.8%","17.4%","15.3%","-0.8","0.6","-29.3%","15.6%","9.0%","9.3%","-9.0%"
"GRC","The Gorman-Rupp Company","US","NYSE","Machinery","31.8%","19.9%","8.6%","7.3%","$100.54","$2,389.91","$4.05","14.3%","0.3%","38.8%","-1.5%","4.7%","4.1%","$81.73","-9.4%","69.8%","5.6%","0.0","1.2","$2,158.51","0.1%","3.6%","15.0%","1.7","1.3","45.8%","41.9%","17.5%","10.8%","20.9%"
"MCRI","Monarch Casino & Resort, Inc.","US","NasdaqGS","Hotels, Restaurants and Leisure","68.0%","47.8%","5.5%","6.9%","$154.74","$2,016.99","$8.40","27.8%","-2.2%","36.5%","-0.9%","7.0%","8.5%","$119.54","-10.2%","24.5%","3.3%","0.0","0.8","$2,142.46","3.7%","4.3%","27.0%","-0.6","1.4","21.3%","10.7%","8.2%","18.8%","14.2%"